Seq_ID	Fold	Prob	Boundaries	real_seq
PL16__112	triple-helix	manual	110:310	MSENIPLRVQFKRMTASEWARSDVILLESEIGFETDTGFARAGDGHNRFSDLGYISPLDYNLLTNKPNIDGLATKVETAQKLQQKADKETVYTKAESKQELDKKLNLKGGVMTGQLKFKPAATVAYFSSTGGAVNIDLSSSRGAGVVVYSNNDTSDGPLMSLRTDKETFNQSALFVDYKGTTNAVNIAMRQPTTPNFSSALNITSGNENGSAMQLRGSEKALGTLKITHENPSIKADYDKNAAALSIDIVKKQGSGGKGTAAQGIYINSTSGTTGKLLRIRNLNDDKFYVKPDGGFYAKETSQIDGNLKLKDPIANDHAATKAYVDSEVKKLKELLTDKQV
PL16__71	triple-helix	manual	0:210	MTGQLQFKPNKSGIKPSSSVGGAINIDMSKSEGAAMVMYTNKDTTDGPLMILRSDKETFNQSALFVDYSGKTNAVNIVMRQPSTPNFSSALNITSANEGGSAMQIRGVEKALGTLKITHENPNVKANYDENAAALSIDIVKKTNGEGTAAQGIYINSSTGTTGKMLRIRNKNEDKFYVGPDGGFHSGANSTVTGNLTVKDPTSEKHAATKKYVDEKIAELKKLIQKTD
PL16__90	triple-helix	manual	138:336	MTENIPLRVQFKRMSADEWARSDVILLEGEIGFETDTGYAKFGNGKSKFSALKYLTGPKSPKGDTGFQGKTGGTGPRGPAGKPGTTDYNQLQNKPNLDAFARKQETDSKITELKSNKADKNAVYLKAESNAKLDEKLSLTGGIVTGQLQFKPNSGIKPSSSVGGAINIDMSKSEGAAMVMYTNKDTTDGPLMILRSDKDTFDQSAQFVDYSGKTNAVNIVMRQPSAPNFSSALNITSANEGGSAMQIRGVEKALGTLKITHENPNVKANYDENAAALSIDIVKKTNGEGTAAQGIYINSSTGTTGKMLRIRNKNEDKFYVGPDGGFHSGANSTVAGNLTVKDPTSGKHAATKDYVDEKIAELKKLILKK
PL16__94	triple-helix	manual	137:336	MSKEVASARIQHRGMSTQEWETSSDILIEREIGIDTTTGYPKVGDGKNKFKDLKDLRGPMGPQGPTGERGPIGPTGPIGKTGTTDYNQLQNKPDLGAFAQKEETNSKITKLESSKADKNAVYLKAESKIELNKKLSLTGGTVTGQLRLKPNSGIDKSSSTGGAINIDMSKSKGAAMVMYTNKDTTDGPLMILRSNKDTFDQSVQFVDYKGTTNAVNIVMRQPSTPNFSSALNITSANEGGSAMQIRGVEKALGMLKITHENPNVKANYDENAAALSIDIVKKTNGEGTAAQGIYINSSTGTTGKMLRIRNKNEDKFYVGPDGGFHSGANSTVTGNLTVKDPTSEKHAATKKYVDEKIAELKKLIQKTD
PL16__156	triple-helix	manual	140:340	MTETIPLRVQFKRMSADEWARSDVILLEGEIGFETDTGYAKFGNGKSKFSALKYLTGPKGPKGDTGLQGKTGGTGPRGPAGKPGTTDYNQLQNRPNLDAFAQKKETNSKITKLESSKADKSAVYSKAESKIELDKKLSLTGGIVTGQLQFKPNSGIKPSSSVGGAINIDMSKSEGAAMVMYTNKDTTDGPLMILRSDKDTFDQSAQFVDYSGKTNAVNIVMRQPSAPNFSSALNITSANEGGSAMQIRGVEKALGTLKITHENPNVKANYDENAAALSIDIVKKTNGEGTAAQGIYINSSTGTTGKMLRIRNKNEDKFYVGPDGGFHSGANSTVAGNLTVKDPTSGKHAATKDYVDEKIAELKKLILKK
PL16__26	triple-helix	manual	114:314	MSENIPLRVQFKRMKAAEWARSDVILLESEIGFETDTGFARAGDGHNRFSDLGYISPLDYNLLTNKPNIDGLATKVETAQKLQQKADKETVYTKAESKQELDKKLNLKGGVMTGQLKFKPAATVAYSSSTGGAVNIDLSSSRGAGVVVYSDNDTSDGPLMSLRTGKETFNQSALFVDYKGTTNAVNIAMRQPTTPNFSSALNITSGNENGSAMQLRGSEKALGTLKITHENPSIGADYDKNAAALSIDIVKKTNGAGTAAQGIYINSTSGTTGKLLRIRNLSDDKFYVKSDGGFYAKETSQIDGNLKLKDPTANDHAATKAYVDKAISELKKLILKK
PL16__31	triple-helix	manual	115:310	MSENIPLRVQFKRMKAAEWARSDVILLESEIGFETDTGFARAGDGHNRFSDLGYISPLDYNLLTNKPNIDGLATKVETAQKLQQKADKETVYTKAESKQELDKKLNLKGGVMTGQLKFKPAATVAYSSSTGGAVNIDLSSTRGAGVVVYSDNDTSDGPLMSLRTGKETFNQSALFVDYKGTTNAVNIAMRHATTPNFSSALNITSGNENGSAMQLRGSEKALGTLKITHENPSIGADYDKNAARYPLILSKRQNGAGTAAQGIYINSTSGTTGKLLRIRNLSDDKFYVKSDGGFYAKETSQIDGNLKLKDPTANDHAATKAYVDKAISELKKLILKK
PL16__132	triple-helix	manual	105:300	MTETIPLRVQFKRMTAEEWARSTVILLEGEIGLETDTGYAKFGDGKNRFSKLKYLNKPDLDAFAQKKETDNKIAKLESIKADKDTVYLKAESKKELDKKMNLTGGTMTGQLQFKPNSDIKHSSSTGGAINIDMSKSAGAAMVMYTNKDTTDGPLMILRSDKDTFDQSAQFVDYSGKTNAVNIVMRQPSEPNFSSALNITSANEGGSAMQIRGIERKLGTLKITHENPSANAKYDENAAALSIDIVGKRGASGNGTAAQGIFINSSAGTTGKMLRIRNKNKDKFYVNPDGGFHSYADSIVDGNLTVNDPISEKHAATKDYVDKKFDELKKLIQKTD
PL16__128	triple-helix	manual	140:340	MSKEVASARIQHRGMTTQGWESSSDILMEREIGIDMTTGYPKVGDGKNKFKDLKDLRGPMGPQGPTGERGPIGPTGPIGKTGTTDYNQLQNKPNLDAFAQKKETNSKITKLESSKADKSAVYSKAESKIELDKKLSLTGGIVTGQLQFKPNKSGIKPSSSVGGAINIDMSKSEGAAMVMYTNKDTTDGPLMILRSDKETFNQSALFVDYSGKTNAVNIVMRQPSTPNFSSALNITSANEGGSAMQIRGVEKALGTLKITHENPNVKANYDENAAALSIDIVKKTNGEGTAAQGIYINSSTGTTGKMLRIRNKNEDKFYVGPDGGFHSGANSTVTGNLTVKDPTSEKHAATKKYVDEKIAELKKLIQKTD
PL16__134	triple-helix	manual	115:310	MSENIPLRVQFKRMTASEWARSDVILLESEIGFETDTGFARAGDGHNRFSDLGYISPLDYNLLTNKPNIDGLATKVETAQKLQQKADKETVYTKAESKQELDKKLNLKGGVMTGQLKFKPAATVAYSSSTGGAVNIDLSSTRGAGVVVYSDNDTSDGPLMSLRTGKETFNQSALFVDYKGTTNAVNIAMRQPTTPNFSSALNITSGNENGSAMQLRGSEKALGTLKITHENPSIGADYDKNAAALSIDIVKKTNGAGTAAQGIYINSTSGTTGKLLRIRNLSDDKFYVKSDGGFYAKETSQIDGNLKLKDPTANDHAATKAYVDKAISELKKLILKK
PL16__104	triple-helix	manual	140:335	MSETISAIVVHKSMTKNEWESSDIILPQGQLVYESDTGHSKFGDGKNRYADLIYQGGPPGPQGPPGKTGEQGPPGPAGKPGTTDYNQLQNKPNLDAFAQKKETDSKIAKLVSSKADKSAVYLKAESKIELDKKLSLTGGVMTGQLKFKPAATVAYSSSTGGAVNIDLSSSRGAGVVVYSNNDTSDGPLMSLRTGKETFNQSALFVDYKGTTNAVNIAMRQPTTPNFSSALNITSGNENGSAMQIRGVEKALGTLKITHENPNVEASYDENAAALSIDIVKKANGVGTAAQGIYINSTSGTTGKMLRIRNLNDDKFYVKPDGGFYAKETSQIDGNLKLKDPIANDHAATKAYVDGEIKKIKALLTAK
PL16__9	triple-helix	manual	110:305	MTETIPLRVQFKRMTAKEWARSAVILLEGEIGFETDTGYAKFGDGKSRFSELKYLNKPDLGAFAQKEETNSKITKLESSKADKNAVYLKAESKIELDKKLSLAGGIVTGQLRLKPNSGIEKSSSTGGAINIDMSKSKGAAMVMYTNKDTTDGPLMILRSNKDTFDQSVQFVDYRGKTNAVNIVMRQPPTPNFSSALNITSANEGGSAMQIRGVEKALGTLKITHENPSVDKEYDKNAAALSIDIVKKKKGGGDGTAAQGIFINSSSGTTGKLLRIRNKNEDKFYVNPDGGFHSYADSIVDGNLTVKNPTSNEHAVTKKYVDEKFDELKKLIQKK
PL16__116	triple-helix	manual	150:340	MTENIPLRVQFKRMSADEWARSDVILLEGEIGFETDTGYAKFGNGKSKFSALKYLTGPKGPKGDTGLQGKTGGTGPRGPAGKPGTTDYNQLQNKPNLDAFARKQETDSKITELKSNKADKNAVYLKAESNAKLDGKLSLTGGIVTGQLQFKPNSGIKPSSSVGGAINIDMSKSEGAAMVMYTNKDTTDGPLMILRSDKDTFDQSAQFVDYSGKTNAVNIVMRQPSAPNFSSALNITSANEGGSAMQIRGVEKALGTLKITHENPNVKANYDENAAALSIDIVKKTNGEGTAAQGIYINSSTGTTGKMLRIRNKNEDKFYVGPDGGFHSGANSTVAGNLTVKDPTSGKHAATKDYVDEKIAELKKLILKK
PL16__6	triple-helix	manual	115:306	MSENIPLRVQFKRMTASEWARSDVILLESEIGFETDTGFARAGDRHNRFSDLGYISPLDYNLLTNKPNIDGLATKVETAQKLQQKADKETVYTKAESKQELDKKLNLKGGVMTGQLKFKPAATVAYSSSTGGAVNIDLSSSRGAGVFVYSNNDTSDGPLMSLRTGKETFNQSALFVDYSGKTNAVNIAMRQPSTPNFSSALNITSGNENGSAMQLRGSEKALGTLKITHENPSIGADYDKNAAALSIDIVKKTNGAGTAAQGIYINSTSGTTGKLLRIRNLSDDKFYVKSDGGFYAKETSQIDGNLKLKDPTANDHAATKAYVDKAISELKKLILKK
PL16__124	triple-helix	manual	116:308	MSENIPLRVQFKRMTASEWARSDVILLESEIGFETDTGFARAGDGHNRFSDLGYISPLDYNLLTNKPNIDGLATKVETAQKLQQKADKETVYTKAESKQELDKKLNLKGGVMTGQLQFKPNKSGIKPSSSVGGAINIDMSKSEGAGVVVYSNNDTSDGPLMSLRTGKETFNQSALFVDYSGKTNAVNIAMRQPSTPNFSSALNITSGNENGSAMQLRESEKALGTLKITHENPSIGADYDKNAAALSIDIVKKTNGAGTAAQGIYINSTSGTTGKLLRIRNKNEDKFYVGPDGGFHSGANSTVAGNLTVNDPTSSKHAATKKYVDEKIAELKKLILKK
PL16__21	triple-helix	manual	140:333	MSETISAIVVHKSMTKNEWESSDIILPQGQLVYESDTGHSKFGDGKNRYADLIYQGGPPGPQGPPGKTGEQGPPGPAGKPGTTDYNQLQNKPNLDAFAQKKETDSKITKLASSKADKSAVYLKAESKIELDKKLSLTGGVMTGQLRLKPNSGIKHSSSVGGAINIDMSKSTGAAMVMYTNKDTTDGPLMILRSDKDTFDQSAQFVDYSGKTNAVNIVMRQPSAPNFSSALNITSANEGGSAMQIRGIEKALGTLKITHENPSLGADYDENAAALSIDIVKKANGAGTAAQGIYINSTSGTTGKLLRIRNENKDKFYVNPDGGFWSCANSTVAGNLTVNDPTSEKHAATKKYVDEKIAELKKLIQKTD
PL16__68	triple-helix	manual	110:310	MSENIPLRVQFKRMTASEWARSDVILLESEIGFETDTGFARAGDGHNRFSDLGYISPLDYNLLTNKPNIDELATKVETAQKLQQKADKETVYTKAESKQELDKKLNLKGGVMTGQLKFKPAATVAYSSSTGGAVNIDLSSSRGAGVVVYSDNDTSDGPLMSLRTGKETFNQSALFVDYKGTTNAVNIAMRQPTTPNFSSALNITSGNENGSAMQIRGVEKALGTLKITHENPSIKADYDKNAAALSIDIVKKQESGGKGTAAQGIYINSTSGTTGKLLRIRNLNDDKFYVKPDGGFYAKETSQIDGNLKLKDPIANDHAATKAYVDGEVEKLKALLTAKQM
PL16__114	triple-helix	manual	128:324	MSETISAIVVHKSMTKNEWESSDIILPQGQLVYESDTGHSKFGDGKNRYADLIYQGGPPGPAGKPGTTDYNQLQNKPNLDAFAQKKETDSKIAKLVSSKADKSAVYLKAELNAKLDKKLSLTGGVMTGQLKFKPAATVAYSSSTGGAVNIDLSSSRGAGVVVYSNNDTSDGPLMSLRTGKETFNQSALFVDYKGTTNAVNIAMRQPTTPNFSSALNITSGNENGSAMQIRGVEKALGTLKITHENPNVEASYDENAAALSIDIVKKQKGGGKGTAAQGIYINSTSGTTGKMLRIRNLNDDKFYVKPDGGFYAKETSQIDGNLKLKDPIANDHAATKAYVDGEIKKIKALLTAK
PL16__28	triple-helix	manual	112:312	MAENIPLRVQFKRMSADEWARSDVILLESEIGFETDTGFARAGDGHNRFSDLRYISPLDYNLLTNKPNIDGLATKVETAQKLQQKADKETVYTKAESKQELDKKLNLKGGVMTGQLKFKPAATVAYSSSTGGAVNIDLSSTRGAGVVVYSDNDTSDGPLMSLRTGKETFNQSALFVDYKGTTNAVNIAMRQPSTPNFSSALNITSGNENGSAMQLRGSEKALGTLKITHENPSIGADYDKNAAALSIDIVKKTNGAGTAAQGIYINSTSGTTGKLLRIRNLSDDKFYVKSDGGFYAKETSQIDGNLKLKDPTANDHAATKAYVDKAISELKKLILKK
PL16__101	triple-helix	manual	114:310	MSGEVISARVRHKGMTKSEWESSDVILLESEIGFETDTGFARAGDGHNRFSDLGYISPLDYNLLTNKPNIDGLATKVETAQKLQQKADKETVYTKAESKQELDKKLNLKGGVMTGQLKFKPAATVAYSSSTGGAVNIDLSSSRGAGVVVYSNNDASDGPLMSLRTGKETFNQSALFVDYKGTTNAVNIAMRQPTTPNFSSALNITSGNENGSAMQIRGIERALGTLKITHENPSANAKYDENAAALSIDIVGKRGASGNGTAAQGIFINSSAGTTGKMLRIRNKNVDKFYVGPDGGFWSCANSTVAGNLTVNDPTSSKHAVTKDYVDKEIAKLKELIQKK
PL16__100	triple-helix	manual	0:200	MTGQLQFKPNKSGIKPSSSVGGAINIDMSKSEGAGVVVYSNNDTSDGPLMSLRTGKETFNKSALFVDYKGTTNAVNIVMRQPTTPNFSSALNITSDNENGSAMQLRGSEKALGTLKITHENPNVEAKYDENATALSIDIVKKQKGGKGTAAQGIYINSTSGTTGKLLRIRNLSDDKFYVKSDGGFYAKETSQIDGNLKLKDPTANDHAATKAYVDKAISELKKLILKNRLRRINEQRPNTYFRRVKPRYW
PL16__92	triple-helix	manual	141:345	MTENIPLRVQFKRMSADEWARSDVILLEGEIGFETDTGYAKFGNGKSKFSALKYLTGPKGPKGDTGLQGKTGGTGPRGPAGKPGTTDYNQLQNRPNLDAFAQKEETNSKITKLESSKADKNAVYLKAESKIELDKKLSLTGGVMTGQLQFKPNKSGIKPSSSVGGAINIDMSKSEGAGVVVYSNNDTSDGPLMSLRTGKETFNQSALFVDYKGTTNAVNIAMRQPTTPNFSSALNITSGNENGSAMQLRGSEKALGTLKITHENPSIGADYDKNAAALSIDIVKKQGSGGKGTAAQGIYINSTSGTTGKLLRIRNLSDDKFYVKSDGGFYAKETSQIDGNLKLKDPTANDHAATKAYVDKAISELKKLILKK
PL16__54	triple-helix	manual	140:345	MSKEVASARIQHRGMSTQEWESSSDILMEREIGIDMTTGYPKVGDGKNKFKDLKDLRGPMGPQGSTGERGPIGPTGPAGKPGTTDYNQLQNKPDLGAFAQKEETNSKITKLESSKADKNAVYLKAESKIELDKKLSLTGGIVTGQLQLKPNSGIKHSSSTGGAINIDMSKSAGAAMVMYTNKDTTDGPLMILRSDKDTFDQSAQFVDYSGKTNAVNIVMRQPSEPNFSSALNITSANEGGSAMQIRGIERKLGTLKITHENPSANAKYDENAAALSIDIVGKRGASGNGTAAQGIFINSSAGTAGKMLRIRNKNKDKFYVNPDGGFHSYASSTVAGNLTVNDPISEKHAATKDYVDKAISELKKLIPKK
PL16__38	triple-helix	manual	143:343	MTETIPLRVQFKRMKAAEWASSDVVLLEGEIGFETDTGFAKFGDGQNTFSKLKYLTGPKGPKGDTGLQGKTGGTGPRGPAGKPGTTDYDQLQNKPDLGAFAQKEETNSKITKLESSKADKNAVYLKAESKIELDKKLNLKGGVMTGQLQFKPNKSGIKPSSSVGGAINIDMSKSEGAGVVVYSNNDTSDGPLMSLRTGKETFNQSALFVDYSGKTNAVNIAMRQPTTPNFSSALNITSGNENGSAMQIRGVEKALGTLKITHENPSVEANYDENAAALSIDIVKKQKGGKGTAAQGIYINSTSGTTGKLLRIRNLGDDKFYVKSDGGFYAKETSQIDGNLKLKDPTANDHAATKAYVDKAISELKKLILKK
PL16__50	triple-helix	manual	140:340	MSKEVASARIQHRGMTTQGWESSSDILMEREIGIDMTTGYPKVGDGKNKFKDLKDLRGPMGPQGPTGERGPIGPTGPIGKTGTTDYNQLQNKPNLDAFAQKKETNSKITKLESSKADKSAVYSKAESKQELDKKLNLKGGVMTGQLQFKPNKSGIKPSSSVGGAINIDMSKSEGAGVVVYSNNDTSDGPLMSLRTGKETFNQSALFVDYSGKTNAVNIVMRQPSTPNFSSALNITSGNENGSAMQLRGSEKALGTLKITHENPSIGADYDKNAAALSIDIVKKTNGAGTAAQGIYINSTSGTAGKMLRIRNENKDKFYVNPDGGFWSCANSTVTGNLTVKDPTSEKHAATKKYVDEKIAELKKLIQKTD
PL16__74	triple-helix	manual	114:314	MSENIPLRVQFKRMKAAEWARSDVILLESEIGFETDTGFARAGDGHNRFSDLGYISPLDYNLLTNKPNIDGLATKVETAQKLQQKADKETVYTKAESKQELDKKLNLKGGVMTGQLKFKPAATVAYSSSTGGAVNIDLSSTRGAGVVVYSDNDTSDGPLMSLRTGKETFNQSALFVDYKGTTNAVNIAMRQPTTPNFSSALNITSGNENGSAMQLRGSEKALGTLKITHENPSIGADYDKNAAALSIDIVKKTNGAGTAAQGIYINSTSGTTGKLLRIRNLSDDKFYVKSDGGFYAKETSQIDGNLKLKDPTANDHAATKAYVDKAISELKKLILKK
PL16__32	triple-helix	manual	140:340	MTENIPLRVQFKRMSADEWARSDVILLEGEIGFETDTGYAKFGNGKSKFSALKYLTGPKGPKGDTGLQGKTGGTGPRGPAGKPGTTDYNQLQNRPNLDAFAQKKETDNKIAKLESIKADKDTVYLKAESKKELDKKMNLTGGTMTGQLQFKPNSDIKHSSSTGGAINIDMSKSAGAAMVMYTNKDTTDGPLMILRSDKDTFDQSAQFVDYSGKTNAVNIVMRQPSEPNFSSALNITSANEGGSAMQIRGIERKLGTLKITHENPSANAKYDENAAALSIDIVGKRGASGNGTAAQGIFINSSAGTTGKMLRIRNKNKDKFYVNPDGGFHSYASSTVAGNLTVNDPISEKHAATKDYVDEKIAELKKLILKK
PL16__8	triple-helix	manual	146:340	MTETIPLRVQFKRMKAAEWASSDVVLLEGEIGFETDTGFAKFGDGQNTFSKLKYLTGPKGPKGDTGIQGKTGGTGPRGPAGKPGTTDYDQLQNKPDLGAFAQKEETNSKITKLESSKADKSAVYSKAESKIELDKKLSLTGGIVTGQLQFKPNKSGIKPSSSVGGAINIDMSKSEGAAMVMYTNKDTTDGPLMILRSDKDTFDQSAQFVDYSGKTNAVNIVMRQPSAPNFSSALNITSANEGGSAMQIRGVEKALGTLKITHENPNVKANYDENAAALSIDIVKKTNGEGTAAQGIYINSSTGTTGKMLRIRNKNEDKFYVGPDGGFHSGANSTVAGNLTVKDPTSGKHAATKDYVDEKIAELKKLILKK
PL16__72	triple-helix	manual	143:335	MSKEVASARIQHRGMTKQEWESSSDILMEREIGIDMTTGYPKVGDGKNKFKDLKDLRGPMGPQGPSGERGPTGPIGPAGKPGTTDYNQLQNKPNLDAFAQKKETNSKITKLESNKADKSAVYSKAESKIELDKKLSLTGGIVTGQLQFKPNKSGIKPSSSVGGAINIDMSKSEGAAMVMYTNKDTTDGPLMILRSDKDTFDQSVQFVDYKGTTNAVNIVMRQPTTPNFSSALNITSANEGGSAMQIRGVEKALGTLKITHENPSVEANYDENAAALSIDIVKKQKGGKGTAAQGIFINSSTGTTGKLLRIRNENKDKFYVNPDGGFWSCANSTVTGNLTVKDPTSNEHAVTKKYVDEKFDELKKLIQKK
PL16__52	triple-helix	manual	137:340	MTETIPLRVQFKRMKAAEWASSDVVLLEGEIGFETDTGFAKFGDGQNTFSKLKYLTGPKGPKGDTGLQGKTGGTGPRGPAGKPGTTDYNQLQNKPDLGAFAQKEETNSKITKLESSKADKNAVYLKAESNAKLDEKLSLAGGIVTGQLQFKPNSGIKHSSSTGGAINIDMSKSKGAGVVVYSNNDTSDGPLMSLRTGKETFNQSALFVDYSGKTNAVNIVMRQPTTPNFSSALNITSDNENGSAMQLRGSEKALGTLKITHENPNVEANYDENAAALSIDIVKKQKGGKGTAAQGIYINSTSGTAGKMLRIRNENKDKFYVNPDGGFWSCANSTVTGNLTVKDPTSEKHAATKKYVDEKIAELKKLIQKTD
PL16__134	triple-helix	manual	110:303	MSENIPLRVQFKRMTASEWARSDVILLESEIGFETDTGFARAGDGHNRFSDLGYISPLDYNLLTNKPNIDGLATKVETAQKLQQKADKETVYTKAESKQELDKKLNLKGGVMTGQLKFKPAATVAYSSSTGGAVNIDLSSTRGAGVVVYSDNDTSDGPLMSLRTGKETFNQSALFVDYKGTTNAVNIAMRQPTTPNFSSALNITSGNENGSAMQLRGSEKALGTLKITHENPSIGADYDKNAAALSIDIVKKTNGAGTAAQGIYINSTSGTTGKLLRIRNLSDDKFYVKSDGGFYAKETSQIDGNLKLKDPTANDHAATKAYVDKAISELKKLILKK
PL16__14	triple-helix	manual	140:135	MTETIPLRVQFKRMKAAEWASSDVVLLEGEIGFETDTGFAKFGDGQNTFSKLKYLTGPKGPKGDTGLQGKTGGTGPRGPAGKPGTTDYDQLQNKPDLGAFAQKEETNSKITKLESSKADKNAVYLKAESNAKLDKKLSLTGGIVTGQLQFKPNSGIKPSSSVGGAINIDMSKSEGAAMVMYTNKDTTDGPLMILRSDKDTFNQSVQFVDYKGTTNAVNIVMRQPTTPNFSSALNITSANQGGSAMQIRGIERKLGTLKITHENPSVEADYDEDAAALSIDIVKKQEGGGNGTAAQGIYINSTSGTTGKLLRIRNLNDDKFYVNPDGGFYAKETSQIDGNLKLKDPIANDHAATKAYVDGEVEKLKALLTAKQM
PL16__150	triple-helix	manual	140:340	MAENIPLRVQFKRMKAAEWASSDVVLLEGEIGFETDTGFAKFGDGQNTFSKLKYLTGPKGPKGDTGLQGKTGGTGPRGPAGKPGTTDYDQLQNKPDLGAFAQKEETNSKITKLESSKADKNAVYLKAESNAKLDEKLSLTGGIVTGQLQFKPNSGIKPSSSVGGAINIDMSKSEGAGVVVYSNNDTSDGPLMSLRTGKETFNKSALFVDYKGTTNAVNIAMRQPSTPNFSSALNITSGNENGSAMQLRGSEKALGTLKITHENPNVEANYDENAAALSIDIVKKQKGGKGTAAQGIYINSTSGTAGKMLRIRNENKDKFYVNPDGGFWSCANSTVTGNLTVKDPTSEKHAATKKYVDEKIAELKKLIQKTD
PL16__139	triple-helix	manual	110:310	MSENIPLRVQFKRMKAAEWARSDVILLESEIGFETDTGFARAGDGHNRFSDLGYISPLDYNLLTNKPNIDGLATKVETAQKLQQKADKETVYTKAESKQELDKKLNLKGGVMTGQLKFKPAATVAYSSSTGGAVNIDLSSSRGAGVVVYSNNDTSDGPLMSLRTGKETFNKSALFVDYSGKTNAVNIAMRQPSTPNFSSALNITSGNENGSAMQIRGIEKALGTLKITHENPSLEANYDKDAAALSIDIVKKQEGGGKGTAAQGIYINSTSGTTGKLLRIRNLNDDKFYVKPDGGFYAKETSQIDGNLKLKDPIANDHAATKAYVDSEVKKLKELLTDKQV
PL16__115	triple-helix	manual	114:310	MSENIPLRVQFKRMTASEWARSDVILLESEIGFETDTGFVRAGDGHNRFSELGYISPLDYNLLTNKPNIDELATKVETAQKLQQKADKETVYTKAESKQEIDKKLNLKGGVMTGQLKFKPAATVAYSSSTGGAVNIDLSSSRGAGVVVYSNNDTSDGPLMSLRTGKETFNQSALFVDYKGTTNAVNIAMRQPTTPNFSSALNITSGNENGSAMQIRGVEKALGTLKITHENPSIKADYDKNAAALSIDIVKKQESGGKGTAAQGIYINSTSGTTGKLLRIRNLNDDKFYVKPDGGFYAKETSQIDGNLKLKDPIANDHAATKAYVDGEVEKLKALLTAKQM
PL16__51	triple-helix	manual	140:340	MTENIPLRVQFKRMSADEWARSDVILLEGEIGFETDTGYAKFGNGKSKFSALKYLTGPKGPKGDTGFQGKTGGTGPRGPAGNPGTTDYNQLQNKPNLDAFARKQETDSKITELKSNKADKNAVYLKAESNAKLDGKLSLTGGIVTGQLQFKPNSGIKPSSSVGGAINIDMSKSEGAAMVMYTNKDTTDGPLMILRSDKDTFDQSAQFVDYSGKTNAVNIVMRQPSAPNFSSALNITSANEGGSAMQIRGVEKALGTLKITHENPNVEAKYDENAAALSIDIVEKKKGGGKGTAAQGIFINSSAGTTGKMLRIRNKNKDKFYVGPDGNFWSCASSIVDGNLTVKDPTSGKHAATKDYVDKAIAELKKLIQK
PL16__20	triple-helix	manual	110:310	MSENIPLRVQFKRMTASEWARSDVILLESEIGFETDTGFARAGDGHNRFSELGYISPLDYNLLTNKPNIDELATKVETAQKLQQKADKETVYTKAESKQELDKKLNLKGGVMTGQLKFKPAATVAYSSSTGGAVNIDLSSTRGAGVVVYSDNDTSDGPLMSLRTGKETFNQSALFVDYKGTTNAVNIAMRQPTTPNFSSALNITSGNENGSAMQLRGSEKALGTLKITHENPSIGADYDKNAAALSIDIVKKTNGAGTAAQGIYINSTSGTTGKLLRIRNLSDDKFYVKSDGGFYAKETSQIDGNLKLKDPTANDHAATKAYVDKAISELKKLIQKTD
PL16__154	triple-helix	manual	142:340	MTENIPLRVQFKRMSADEWARSDVILLEGEIGFETDTGYAKFGNGKSKFSALKYLTGPKGPKGDTGLQGKTGGTGPRGPAGKPGTTDYNQLQNRPNLDAFARKQETDSKITELKSNKADKNAVYLKAESNAKLDEKLSLTGGIVTGQLQFKPNKSGIKPSSSVGGAINIDMSKSEGAAMVMYTNKDTTDGPLMILRSDKDTFDQSAQFVDYSGKTNAVNIVMRQPSAPNFSSALNITSANEGGSAMQIRGVEKALGTLKITHENPNVKANYDENAAALSIDIVKKTNGEGTAAQGIYINSSTGTTGKMLRIRNKNEDKFYVGPDGGFHSGANSTVAGNLTVKDPTSGKHAATKDYVDEKIAELKKLILKK
PL16__10	triple-helix	manual	107:307	MTETIPLRVQFKRMTAEEWARSTVILLEGEIGLETDTGYAKFGDGKSRFSELKYLNKPDLGAFAQKEETNSKITKLESSKADKNAVYLKAESKIELDKKLSLAGGIVTGQLRLKPNSGIEKSSSTGGAINIDMSKSKGAAMVMYTNKDTTDGPLMILRSNKDTFDQSVQFVDYRGKTNAVNIVMRQPPTPNFSSALNITSANEGGSAMQIRGVEKALGTLKITHENPSVDKEYDKNAAALSIDIVKKKKGGGDGTAAQGIFINSSSGTTGKLLRIRNKNEDKFYVNPDGGFHSYADSIVDGNLTVKDPTSGKHAATKDYVDKKFDELKKLIQKTD
PL16__57	triple-helix	manual	115:315	MSENIPLRVQFKRMKAAEWARSDVILLESEIGFETDTGFARAGDGHNRFSDLGYISPLDYNLLTNKPNIDGLATKVETAQKLQQKADKETVYTKAESKQELDKKLNLKGGVMTGQLQFKPNKSGIKPSSSVGGAINIDMSKSEGAGVVVYSNNDTSDGPLMSLRTGKETFNKSALFVDYKGTTNAVNIAMRQPSTPNFSSALNITSGNENGSAMQLRGSEKALGTLKITHENPNVEANYDENAAALSIDIVKKQKGGKGTAAQGIYINSTSGTAGKMLRIRNENKDKFYVNPDGGFWSCANSTVTGNLTVKDPTSEKHAATKKYVDEKIAELKKLIPKTD
PL16__120	triple-helix	manual	128:328	MSETISAIVVHKSMTKNEWESSDIILPQGQLVYESDTGHSKFGDGKNRYVDLIYQGGPPGPAGKPGTTDYNQLQNKPNLDAFAQKKETDSKITKLASSKADKSAVYLKAESKIELDKKLSLTGGVMTGQLRLKPNSGIKHSSSVGGAINIDMSKSTGAAMVMYTNKDTTDGPLMILRSDKDTFDQSAQFVDYSGKTNAVNIVMRQPSAPNFSSALNITSANEGGSAMQIRGIEKALGTLKITHENPSLGADYDENAAALSIDIVKKANGAGTAAQGIYINSTSGTTGKLLRIRNENKDKFYVNPDGGFWSCANSTVAGNLTVNDPTSEKHAATKKYVDEKIAELKKLIQKTD
PL16__79	triple-helix	manual	129:336	MSADEWARSDVILLEGEIGFETDTGYAKFGNGKSKFSALKYLTGPKGPKGDTGFQGKTGGTGPRGPAGKPGTTDYNQLQNKPNLDAFARKQETDSKITELKSNKADKNAVYLKAESNAKLDEKLSLTGGIVTGQLQFKPNSGIKPSSSVGGAINIDMSKSEGAAMVMYTNKDTTDGPLMILRSDKDTFDQSAQFVDYSGKTNAVNIVMRQPSAPNFSSALNITSANEGGSAMQIRGVEKALGTLKITHENPNVKANYDENAAALSIDIVKKTNGEGTAAQGIYINSSTGTTGKMLRIRNKNEDKFYVGPDGGFHSGANSTVAGNLTVKDPTSGKHAATKDYVDEKIAELKKLILKK
PL16__46	triple-helix	manual	140:343	MTENIPLRVQFKRMSADEWARSDVILLEGEIGFETDTGYAKFGNGKSKFSALKYLTGPKGPKGDTGFQGKTGGTGPRGPAGKPGTTDYNQLQNKPNLDAFARKQETDSKITELKSNKADKNAVYLKAESNAKLDEKLSLTGGIVTGQLQFKPNSGIKPSSSVGGAINIDMSKSEGAAMVMYTNKDTTDGPLMILRSDKDTFDQSAQFVDYSGKTNAVNIVMRQPSAPNFSSALNITSANEGGSAMQIRGVEKALGTLKITHENPNVKANYDENAAALSIDIVKKTNGEGTAAQGIYINSSTGTTGKMLRIRNKNEDKFYVGPDGGFHSGANSTVAGNLTVKDPTSGKHAATKDYVDEKIAELKKLILKK
PL16__17	triple-helix	manual	140:334	MSETISAIVVHKSMTKNEWESSDIILPQGQLVYESDTGHSKFGDGKNRYADLIYQGGPPGPQGPPGKTGEQGPPGPAGKPGTTDYNQLQNKPNLDAFAQKKETDSKIAKLVSSKADKSAVYLKAESKIELDKKLSLTGGVMTGQLKFKPAATVAYSSSTGGAVNIDLSSSRGAGVVVYSNNDTSDGPLMSLRTGKETFNQSALFVDYKGTTNAVNIAMRQPTTPNFSSALNITSGNENGSAMQIRGVEKALGTLKITHENPNVKASYDKNAAALSIDIVKKANGVGTAAQGIYINSTSGTTGKMLRIRNLNDDKFYVKPDGGFYAKETSQIDGNLKLKDPIANDHAATKAYVDGEIKKIKALLTAK
PL16__16	triple-helix	manual	110:318	MSENIPLRVQFKRMTASEWARSDVILLESEIGFETDTGFARAGDGHNRFSDLGYISPLDYNLLTNKPNIDGLATKVETAQKLQQKADKETVYTKAESKQELDKKLNLKGGVMTGQLQFKPNKSGIKPSSSVGGAINIDMSKSEGAAMVMYTNKDTTDGPLMILRSDKDTFDQSAQFVDYSGKTNAVNIAMRQPSTPNFSSALNITSANEGGSAMQIRGIERALGTLKITHENPNVDAKYDENAAALSIDIVGKRGASGNGTAAQGIFINSSAGTTGKMLRIRNKNKDKFYVNPDGGFHSYADSIVDGNLTVKDPTSGKNAATKDYVDKKFDELKKLIQKTD
PL16__11	triple-helix	manual	140:340	MTETIPLRVQFKRMKAAEWASSDVVLLEGEIGFETDTGFAKFGDGQNTFSKLKYLTGPKGPKGDTGLQGKTGGTGPRGPAGKPGTTDYDQLQNKPDLGAFAQKEETNSKITKLESSKADKNAVYLKAESKIELNKKLSLTGGTVTGQLRLKPNSGIDKSSSTGGAINIDMSKSKGAAMVMYTNKDTTDGPLMILRSNKDTFDQSVQFVDYKGTTNAVNIVMRQPTTPNFSSALNITSANEGGSAMQIRGVEKALGTLKITHENPSVDKEYDKNAAALSIDIVKKKKGGGNGTAAQGIFINSSSGTTGKLLRIRNKNEDKFYVNPDGGFHSYADSIVDGNLTVKNPTSNEHAVTKKYVDEKFDELKKLIQKK
PL16__24	triple-helix	manual	104:304	MSENIPLRVQFKRMTASEWARSDVILLESEIGFETDTGFVRAGDGHNRFSELGYISPLDYNLLTNKPNIDELATKVETAQKLQQKADKETVYTKAESKQELDKKLNLKGGVMTGQLKFKPAATVAYSSSTGGAVNIDLSSSRGAGVVVYSNNDTSDGPLMSLRTGKETFDQSALFVDYKGTTNAVNIVMRQPTTPNFSSALNITSDNENGSAMQLRGSEKALGTLKITHENPSLEANYDKNAAALSIDIVEKKKGGKGTAAQGIYINSTSGTTGKLLRIRNLNDDKFYVKPDGGFYAKETSQIDGNLKLKDPIANDHAATKAYVDGEVEKLKALLTAKQM
PL16__81	triple-helix	manual	144:345	MSKEVASARIQHRGMTTQGWESSSDILMEREIGIDMTTGYPKVGDGKNKFKDLKDLRGPMGPQGPTGERGPIGPTGPIGKPGTTDYNQLQNKPNLDAFAQKKETNSKITKLESSKADKSAVYSKAESKIELDKKLSLTGGIVTGQLQFKPNKSGIKPSSSVGGAINIDMSKSEGAAMVMYTNKDTTDGPLMILRSDKETFNQSALFVDYSGKTNAVNIVMRQPSTPNFSSALNITSANEGGSAMQIRGVEKALGTLKITHENPNVKANYDENAAALSIDIVKKTNGEGTAAQGIYINSSTGTTGKMLRIRNKNEDKFYVGPDGGFHSGANSTVTGNLTVKDPTSEKHAATKKYVDEKIAELKKLIQKTD
PL16__135	triple-helix	manual	112:312	MTETIPLRVQFKRMTAGEWARSTVILLEGEIGLETDTGYAKFGDGKNRFSKLKYLNKPDLDAFAQKKETDNKIAKLESIKADKDTVYLKAESKKELDKKMNLTGGTMTGQLQFKPNSDIKHSSSTGGAINIDMSKSAGAAMVMYTNKDTTDGPLMILRSDKDTFDQSAQFVDYSGKTNAVNIVMRQPSEPNFSSALNITSANEGGSAMQIRGIERKLGTLKITHENPSANAKYDENAAALSIDIVGKRGASGNGTAAQGIFINSSAGTTGKMLRIRNKNKDKFYVNPDGGFHSYASSTVAGNLTVNDPISEKHAATKDYVDKAISELKKLIPKK
PL16__113	triple-helix	manual	102:300	MTKSEWESSDVILLESEIGFETDTGFARAGDGHNRFSDLGYISPLDYNLLTNKPNIDGLATKVETAQKLQQKADKETVYTKAESKQELDKKLNLKGGVMTGQLKFKPAATVAYSSSTGGAVNIDLSSSRGAGVVVYSNNDASDGPLMSLRTGKETFNQSALFVDYKGTTNAVNIAMRQPTTPNFSSALNITSGNENGSAMQIRGIERALGTLKITHENPSANAKYDENAAALSIDIVGKRGASGNGTAAQGIFINSSAGTTGKMLRIRNKNVDKFYVGPDGGFWSCANSTVAGNLTVNDPTSSKHAVTKDYVDKEIAKLKELIQKK
PL16__67	triple-helix	manual	139:126	MSKEVASARIQHRGMSTQEWESSSDILMEREIGIDMTTGYPKVGDGKNKFKDLKDLRGPMGPQGSTGERGPIGPTGPAGKPGTTDYNQLQNKPDLGAFAQKEETNSKITKLESSKADKNAVYLKAESKIELDKKLSLTGGIVTGQLQLKPNSGIKHSSSTGGAINIDMSKSKGAGVVVYSNNDTSDGPLMSLRTGKETFNQSALFVDYSGKTNAVNIVMRQPTTPNFSSALNITSDNENGSAMQLRGSEKALGTLKITHENPSIKADYDKNAAALSIDIVEKKKGGGKGTAAQGIFINSSAGTTGKMLRIRNKNKDKFYVGPNGDFWSCASSIVDGNLTVKDPTSGKHAATKDYVDKAIAELKKLIQK
PL16__70	triple-helix	manual	111:305	MAENIPLRVQFKRMSADEWARSDVILLESEIGFETDTGFARAGDGHNRFSDLGYISPLDYNLLTNKPNIDGLATKVETTQKLQQKADKETVYTKAESKQELDKKLNLKGGVMTGQLKFKPAATVAYSSSTGGAVNIDLSSTRGAGVVVYSDNDTSDGPLMSLRTGKETFNKSALFVDYKGTTNAVNIAMRQPSTPNFSSALNITSGNENGSAMQLRGSEKALGTLKITHENPNVKANYDENAAALSIDIVKKQKGGKGTAAQGIYINSTSGTTGKLLRIRNLSDDKFYVKSDGGFYAKETSQIDGNLKLKDPTANDHAATKAYVDKAISELKKLILKK
PL16__35	triple-helix	manual	100:300	MTETIPLRVQFKRMTAKEWASSAVILLEGEIGFETDTGYAKFGDGKSRFSELKYLNKPDLGAFAQKEETNSKITKLESSKADKNAVYLKAESKIELDKKLSLAGGIVTGQLRLKPNSGIEKSSSTGGAINIDMSKSKGAAMVMYTNKDTTDGPLMILRSNKDTFDQSVQFVDYRGKTNAVNIVMRQPPTPNFSSALNITSANEGGSAMQIRGVEKALGTLKITHENPSVDKEYDKNAAALSIDIVKKKKGGGDGTAAQGIFINSSSGTTGKLLRIRNKNEDKFYVNPDGGFHSYADSIVDGNLTVKNPTSNEHAVTKKYVDEKFDELKKLIQKK
PL16__42	triple-helix	manual	142:340	MSENIPLRVQFKRMKAAEWASSDVVLLEGEIGFETDTGFAKFGDGQNTFSKLKYLTGPKGPKGDTGIQGKTGGTGPRGPAGKPGTTDYDQLQNKPDLGAFAQKEETNSKITKLESSKADKSAVYSKAESKIELDKKLSLTGGIVTGQLRLKPNSGIKPSSSVGGAINIDMSKSEGAGVVVYSNNDTSDGPLMSLRTGKETFDKSALFVDYSGKTNAVNIAMRQPSTPNFSSALNITSGNENGSAMQLRGSEKALGTLKITHENPSANAKYDENAAALSIDIVGKRGASGNGTAAQGIFINSSAGTTGKMLRIRNKNVDKFYVGPDGGFWSCANSTVAGNLTVNDPTSSKHAVTKDYVDKEIAKLKELIQKK
PL16__122	triple-helix	manual	103:300	MTETIPLRVQFKRMTAEEWTRSDVILLESEIGFETDTGYAKFGDGKNQFSKLKYLNKLDLDAFAQKKETNSKITKLESNKADKNAVYLKAESNAKLDEKLSLTGGTVTGQLRLKPNSGIDKSSSTGGAINIDMSKSKGAAMVMYTNKDTTDGPLMILRSNKDTFDQSVQFVDYKGTTNAVNIVMRQPTTPNFSSALNITSANEGGSAMQLRGSEKALGTLKITHENPSIKADYDENAAALSIDIVKKTNGGGTAAQGIYINSSTGTTGKMLRIRNKNEDKFYVGPDGGFHSGANSTVAGNLTVNYPTSEKHAATKKYVDEKIAELKKLIQKTD
PL16__148	triple-helix	manual	108:260	MSENIPLRVQFKRMKAAEWARSVVILLESEIGFETDTGFARAGDGHNRFSDLGYISPLDYNLLTNKPNIDGLATKVETAQKLQQKADKETVYTKAESKQELDKKLNLKGGVMTGQLKFKPAATVAYSSSTGGAVNIDLSSSRGAGVVVYSDNDTSDGPLMSLRTGKETFNQSALFVDYKGTTNAVNIAMRQPTTPNFSSALNITSGNENGSAMQLRGSEKALGTLKITHENPSIGADYDKNAAALSIDIVKKTNGAGTAA
PL16__18	triple-helix	manual	0:200	MTGQLRLKPNSGIEKSSSTGGAINIDMSKSKGAAMVMYTNKDTTDGPLMILRSNKDTFDQSVQFVDYRGKTNAVNIVMRQPPTPNFSSALNITSANEGGSAMQIRGVEKALGTLKITHENPSVDKEYDKNAAALSIDIVKKKKGGGDGTAAQGIFINSSSGTTGKLLRIRNKNEDKFYVNPDGGFHSYADSIVDGNLTVKNPTSGKHAATKDYVDKKFDELKKLIQKTD
PL16__141	triple-helix	manual	108:310	MSENIPLRVQFKRMKAAEWARSDVILLESEIGFETDTGFARAGDGHNRFSDLRYIGPLDYNLLTNKPNIDGLATKVETAQKLQQKADKETVYTKAESKQELDKKLNLKGGVMTGQLKFKPAATVAYSSSTGGAVNIDLSSTRGAGVVVYSDNDTSDGPLMSLRTGKETFNQSALFVDYKGTTNAVNIAMRQPTTPNFSSALNITSGNENGSAMQLRGSEKALGTLKITHENPSIKADYDKNAAALSIDIVEKKKGGGKGTAAQGIFINSSAGTTGKMLRIRNKNKDKFYVGPNGDFWSCASSIVDGNLTVKDPTSGKHAATKDYVDKAIAELKKLIQK
PL16__4	triple-helix	manual	108:305	MSENIPLRVQFKRMKAAEWARSDVILLESEIGFETDTGFARAGDGHNRFSDLGYISPLDYNLLTNKPNIDGLATKVETAQKLQQKADKETVYTKAESKQELDKKLNLKGGVMTGQLKFKPAATVAYSSSTGGAVNIDLSSTRGAGVVVYSDNDTSDGPLMSLRTGKETFNQSALFVDYKGTTNAVNIAMRQPTTPNFSSALNITSGNENGSAMQLRGSEKALGTLKITHENPSIGADYDKNAAALSIDIVKKTNGGGTAAQGIYINSSTGTTGKMLRIRNKNEDKFYVGPDGGFHSGANSTVAGNLTVNYPTSEKHAATKKYVDEKIAELKKLIQKTD
PL16__48	triple-helix	manual	137:341	MAENIPLRVQFKRMKAAEWARSNVVLLEGEIGFETDTGFAKFGDGQNTFSKLKYLTGPKGPKGDTGLQGKTGGTGPRGPAGKPGTTDYDQLQNKPDLGAFAQKEETNSKITKLESSKADKNAVYLKAESNAKLDEKLSLTGGIVTGQLQFKPNSGIKPSSSVGGAINIDMSKSEGAAMVMYTNKDTTDGPLMILRSDKDTFNQSVQFVDYKGTTNAVNIVMRQPTTPNFSSALNITSANQGGSAMQIRGIERKLGTLKITHENPSVEADYDEDAAALSIDIVKKQEGGGNGTAAQGIYINSTSGTTGKLLRIRNLNDDKFYVNPDGGFYAKETSQIDGNLKLKDPIANDHAATKAYVDGEVEKLKALLTAKQM
PL16__99	triple-helix	manual	135:335	MTETIPLRVQFKRMKAAEWASSDVVLLEGEIGFETDTGFAKFGDGQNTFSKLKYLTGPKGPKGDTGLQGKTGGTGPRGPAGKPGTTDYDQLQNKPDLGAFAQKEETNSKITKLESSKADKSAVYSKAESKIELDKKLSLTGGIVTGQLQFKPNKSGIKPSSSVGGAINIDMSKSEGAAMVMYTNKDTTDGPLMILRSDKDTFDQSAQFVDYSGKTNAVNIVMRQPSAPNFSSALNITSANEGGSAMQIRGVEKALGTLKITHENPNVEAKYDENAAALSIDIVKKQKGGKGTAAQGIYINSTSGTTGKLLRIRNLNDDKFYVKPDGGFYAKETSQIDGNLKLKDPIANDHAATKAYVDGEVEKLKALLAAKQM
PL16__40	triple-helix	manual	131:343	MSKEVASARIQHRGMTKQEWESSSDILMEREIGIDMTTGYPKVGDGKNKFKDLKDLRGPMGPQGPSGERGLTGPIGPRGPAGKPGTTDYNQLQNKPNLDAFAQKKETNSKITKLESSKADKSAVYSKAESKIELDKKLSLTGGIVTGQLQFKPNKSGIKPSSSVGGAINIDMSKSEGAGVVVYSNNDTSDGPLMSLRTGKETFNKSALFVDYKGTTNAVNIVMRQPTTPNFSSALNITSDNENGSAMQLRGSEKALGTLKITHENPNVEAKYDENATALSIDIVKKQKGGKGTAAQGIYINSTSGTTGKLLRIRNLSDDKFYVKSDGGFYAKETSQIDGNLKLKDPTANDHAATKAYVDKAISELKKLILKK
PL16__106	triple-helix	manual	104:304	MTETIPLRVQFKRMTAEEWARSTVILLEGEIGLETDTGYAKFGDGKNRFSKLKYLNKPDLDAFAQKKETDNKIAKLESIKADKDTVYLKAESKKELDKKMNLTGGTMTGQLQFKPNSDIKHSSSTGGAINIDMSKSAGAAMVMYTNKDTTDGPLMILRSDKDTFDQSAQFVDYSGKTNAVNIVMRQPSTPNFSSALNITSANEGGSAMQIRGIERALGTLKITHENPNVDAKYDENAAALSIDIVGKRGASGNGTAAQGIFINSSAGTTGKMLRIRNKNKDKFYVNPDGGFHSYADSIVDGNLTVKDPTSGKHAATKDYVDKKFDELKKLIQKTD
PL16__138	triple-helix	manual	108:309	MSENIPLRVQFKRMTASEWARSDVILLESEIGFETDTGFARAGDGHNRFSELGYISPLDYNLLTNKPNIDELATKVETAQKLQQKADKETVYTKAESKQELDKKLNLKGGVMTGQLKFKPAATVAYSSSTGGAVNIDLSSTRGAGVVVYSDNDTSDGPLMSLRTGKETFNQSALFVDYKGTTNAVNIAMRQPTTPNFSSALNITSGNENGSAMQLRGSEKALGTLKITHENPSIKADYDKNAAALSIDIVKKQESGGKGTAAQGIYINSTSGTTGKLLRIRNLNDDKFYVKSDGGFYAKETSQIDGNLKLKGPTANDHAATKAYVDKAISELKKLILKK
PL16__34	triple-helix	manual	106:306	MTETIPLRVQFKRMTAEEWTRSDVILLESEIGFETDTGYAKFGDGKNQFSKLKYLNKPDLGAFAQKEETNSKITKLESSKADKNAVYLKAESKIELDKKLNLKGGVMTGQLQFKPNKSGIKPSSSVGGAINIDMSKSEGAGVVVYSNNDTSDGPLMSLRTGKETFNQSALFVDYSGKTNAVNIAMRQPTTPNFSSALNITSGNENGSAMQIRGVEKALGTLKITHENPNVEANYDENAAALSIDIVKKQKGGKGTAAQGIYINSTSGTTGKLLRIRNLGDDKFYVKHDGGFYAKKTSQIDGNLKLKNPTADDHAATKAYVDSEVKKLKALLMDKQV
PL16__2	triple-helix	manual	102:302	MTETIPLRVQFKRMTAEEWTRSDVILLESEIGFETDTGYAKFGDGKNQFSKLKYLNKPDLGAFAQKEETNSKITKLESSKADKNAVYLKAESKIELDKKLNLKGGVMTGQLQFKPNKSGIKPSSSVGGAINIDMSKSEGAGVVVYSNNDTSDGPLMSLRTGKETFNQSALFVDYSGKTNAVNIAMRQPTTPNFSSALNITSGNENGSAMQIRGVEKALGTLKITHENPNVEAKYDENAAALSIDIVKKQKGGKGTAAQGIYINSTSGTTGKLLRIRNLNDDKFYVKPDGGFYAKETSQIDGNLKLKNPTADDHAATKAYVDSEVKKLKALLMDKQV
PL16__103	triple-helix	manual	139:340	MAENIPLRVQFKRMKAAEWASSDVVLLEGEIGFETDTGFAKFGDGQNTFSKLKYLTGPKGPKGDTGLQGKTGGTGPRGPAGKPGTTDYDQLQNKPDLGAFAQKEETNSKITKLESSKADKNAVYLKAESNAKLDEKLSLTGGIVTGQLQFKPNSHIKHSSSTGGAINIDMSKSEGAGVVVYSNNDTSDGPLMSLRTGKETFNKSALFVDYKGTTNAVNIAMRQPSTPNFSSALNITSGNENGSAMQLRGSEKALGTLKITHENPNVEANYDENAAALSIDIVKKQKGGKGTAAQGIYINSTSGTAGKMLRIRNENKDKFYVNPDGGFWSCANSTVTGNLTVKDPTSEKHAATKKYVDEKIAELKKLIQKTD
PL16__44	triple-helix	manual	42:345	MRLHKKKETDNKIAKLESIKADKDTVYLKAESKKELDKKMNLTGGTMTGQLQFKPNSHIKHSSSTGGAINIDMSKSAGAAMVMYTNKDTTDGPLMILRSDKDTFDQSAQFVDYSGKTNAVNIVMRQPSTPNFSSALNITSANEGGSAMQIRGIERALGTLKITHENPNVDAKYDENAAALSIDIVGKRGASGNGTAAQGIFINSSAGTTGKMLRIRNKNKDKFYVNPDGGFHSYADSIVDGNLTVKDPTSGKHAATKDYVDKKFDELKKLIQKTD
PL16__55	triple-helix	manual	137:347	MSKEVASARIQHRGMTTQGWESSPDILMEREIGIDMTTGYPKVGDGKNKFKDLKDLRGPMGPQGPTGERGPIGPTGPIGKTGTTDYNQLQNKPNLDAFAQKKETNSKITKLESSKADKSAVYSKAESKIELDKKLSLTGGIVTGQLQFKPNKSGIKPSSSVGGAINIDMSKSEGAGVVVYSNNDTSDGPLMSLRTGKETFNKSALFVDYSGKTNAVNIAMRQPSTPNFSSALNITSGNENGSAMQLRGSEKALGTLKITHENPNVEANYDENAAALSIDIVKKQKGGKGTAAQGIYINSTSGTAGKMLRIRNENKDKFYVNPDGGFWSCANSTVTGNLTVKDPTSEKHAATKKYVDEKIAELKKLIQKTD
PL16__62	triple-helix	manual	143:344	MTENIPLRVQFKRMSGDEWARSDVILLEGEIGFETDTGYAKFGNGKSKFSALKYLTGPKGPKGDAGLQGKTGGTGPRGPAGKPGTTDYNQLQNKPNLDAFARKQETDSKITELKSNKADKNAVYLKAESNAKLDEKLSLTGGIVTGQLQFKPNSGIKPSSSVGGAINIDMSKSEGAAMVMYTNKDTTDGPLMILRSDKDTFDQSAQFVDYSGKTNAVNIVMRQPSAPNFSSALNITSANEGGSAMQIRGVEKALGTLKITHENPNVKANYDENAAALSIDIVKKTNGEGTAAQGIYINSSTGTTGKMLRIRNKNEDKFYVGPDGGFHSGANSTVAGNLTVKDPTSGKHAATKDYVDEKIAELKKLILKK
PL16__69	triple-helix	manual	110:310	MSENIPLRVQFKRMTASEWARSDVILLESEIGFETDTGFARAGDGHNRFSDLGYISPLDYNLLTNKPNIDGLATKVETAQKLQQKADKETVYTKAESKQELDKKLNLKGGVMTGQLKFKPAATVAYSSSTGGAVNIDLSSSRGAGVVVYSNNDTSDGPLMSLRTGKETFNKSALFVDYSGKTNAVNIAMRQPSTPNFSSALNITSGNENGSAMQLRGSERALGTLKITHENPSLEANYDKDAAALSIDIVKKQKGGKGTAAQGIYINSTSGTTGKLLRIRNLNDDKFYVKPDGGFYAKETSQIDGNLKLKDPIANDHAATKAYVDGEVEKLKALLTAKQM
PL16__47	triple-helix	manual	104:310	MTETISLRVQFKRMTAEEWARSTVILLEGEIGLETDTGYAKFGDGKNRFSKLKYLNKPDLDAFAQKKETDNKIAKLESIKADKDTVYLKAESKKELDKKMNLTGGTMTGQLQFKPNSDIKHSSSTGGAINIDMSKSAGAAMVMYTNKDTTDGPLMILRSDKDTFDQSAQFVDYSGKTNAVNIVMRQPSEPNFSSALNITSANEGGSAMQIRGIERKLGTLKITHENPSANAKYDENAAALSIDIVGKRGASGNGTAAQGIFINSSAGTTGKMLRIRNKNKDKFYVNPDGGFHSYASSTVAGNLTVNDPISEKHAATKDYVDKAISELKKLIPKK
PL16__131	triple-helix	manual	110:318	MTENIPLRVQFKRMKAAEWARSDVILLESEIGFETDTGFARAGDGHNRFSDLGYISPLDYNLLTNKPNIDGLATKVETAQKLQQKADKETVYTKAESKQELDKKLNLKGGVMTGQLKFKPAATVAYSSSTGGAVNIDLSSSRGAGVVVYSNNDTSDGPLMSLRTGKETFNKSALFVDYSGKTNAVNIAMRQPSTPNFSSALNITSGNENGSAMQLRGSEKALGTLKITHENPSIGADYDKNAAALSIDIVKKTNGAGTAAQGIYINSTSGTTGKLLRIRNLGDDKFYVKPDGGFYAKATSQIDGNLKLKDPAASDHAATKAYVDGEVEKLKALLTAKQV
PL16__88	triple-helix	manual	140:341	MSKEVASARIQHRGMTTQGWESSSDILMEREIGIDMTTGYPKVGDGKNKFKDLKDLRGPMGPQGPTGERGPIGPTGPIGKTGTTDYNQLQNKPNLDAFAQKKETNSKITKLESSKADKSAVYSKAESKIELDKKLSLTGGIVTGQLQFKPNKSGIKPSSSVGGAINIDMSKSEGAAMVMYTNKDTTDGPLMILRSDKDTFDQSAQFVDYSGKTNAVNIVMRQPSEPNFSSALNITSANEGGSAMQIRGIERKLGTLKITHENPSANAKYDENAAALSIDIVGKRGASGNGTAAQGIFINSSAGTTGKMLRIRNKNKDKFYVNPDGGFHSYASSTVAGNLTVNDPISEKHAATKDYVDKAISELKKLIPKK
PL16__56	triple-helix	manual	141:352	MSENIPLRVQFKRMKAAEWASSDVVLLEGEIGFETDTGFAKFGDGQNTFSKLKYLTGPKGPKGDTGIQGKTGGTGPRGPAGKPGTTDYDQLQNKPDLGAFAQKEETNSKITKLESSKADKSAVYSKAESKIELDKKLSLTGGIVTGQLRLKPNSGIKPSSSVGGAINIDMSKSEGAGVVVYSNNDTSDGPLMSLRTGKETFNKSALFVDYSGKTNAVNIAMRQPSTPNFSSALNITSGNENGSAMQLRGSEKALGTLKITHENPSANAKYDENAAALSIDIVGKRGASGNGTAAQGIFINSSAGTTGKMLRIRNKNVDKFYVGPDGGFWSCANSTVAGNLTVNDPTSSKHAVTKDYVDKEIAKLKELIQKK
PL16__33	triple-helix	manual	0:210	MSLAGGIVTGQLRLKPNSGIEKSSSTGGAINIDMSKSKGAAMVMYTNKDTTDGPLMILRSNKDTFDQSVQFVDYRGKTNAVNIVMRQPPTPNFSSALNITSANEGGSAMQIRGVEKALGTLKITHENPSVDKEYDKNAAALSIDIVKKKKGGGDGTAAQGIFINSSSGTTGKLLRIRNKNEDKFYVNPDGGFHSYADSIVDGNLTVKNPTSGKHAATKDYVDKKFDELKKLIQKTD
PL16__140	triple-helix	manual	102:300	MTETIPLRVQFKRMTAKEWASSAVILLEGEIGFETDTGYAKFGDGKSRFSELKYLNKPDLGAFAQKEETNSKITKLESSKADKNAVYLKAESKIELDKKLSLTGGIVTGQLQFKPNSGIKPSSSVGGAINIDMSKSEGAGVVVYSNNDTGDGPLMSLRTGKETFNKSALFVDYKGTTNAVNIAMRQPSTPNFSSALNITSGNENGSAMQIRGVEKALGTLKITHENPNVEANYDENAAALSIDIVKKQKGGKGTAAQGIYINSTSGTTGKLLRIRNLGDDKFYVKHDGGFYAKKTSQIDGNLKLKNPTADDHAATKAYVDSEVKKLKALLMDKQV
PL16__41	triple-helix	manual	110:306	MSENIPLRVQFKRMTASEWARSDVILLESEIGFETDTGFARAGDGHNRFSELGYISPLDYNLLTNKPNIDELATKVETAQKLQQKADKETVYTKAESKQELDKKLNLKGGVMTGQLKFKPAATVAYSSSTGGAVNIDLSSTRGAGVVVYSDNDTSDGPLMSLRTGKETFNQSALFVDYKGTTNAVNIAMRQPTTPNFSSALNITSGNENGSAMQLRGSEKALGTLKITHENPSIGADYDKNAAALSIDIVKKTNGAGTAAQGIYINSTSGTTGKLLRIRNLSDDKFYVKSDGGFYAKETSQIDGNLKLKDPTANDHAATKAYVDSEVKKLKALLMDKQV
PL16__12	triple-helix	manual	100:304	MTETIPLRVQFKRMTAEEWARSTVILLEGEIGLETDTGYAKFGDGKNRFSKLKYLNKPDLDAFAQKKETDNKIAKLESIKADKDTVYLKAESKKELDKKMNLTGGTMTGQLQFKPNSHIKHSSSTGGAINIDMSKSAGAAMVMYTNKDTTDGPLMILRSDKDTFDQSAQFVDYSGKTNAVNIVMRQPSTPNFSSALNITSANEGGSAMQIRGIERALGTLKITHENPNVDAKYDENAAALSIDIVGKRGASGNGTAAQGIFINSSAGTTGKMLRIRNKNKDKFYVNPDGGFHSYADSIVDGNLTVKDPTSGKHAATKDYVDKKFDELKKLIQKTD
PL16__23	triple-helix	manual	140:342	MTENIPLRVQFKRMSADEWARSDVILLEGEIGFETDTGYAKFGNGKSKFSALKYLTGPKGPKGDTGLQGKTGGTGPRGPAGKPGTTDYNQLQNKPNLDAFARKQETDSKITELKSNKADKNAVYLKAESNAKLDEKLSLAGGIVTGQLQFKPNSGIKPSSSVGGAINIDMSKSEGAAMVMYTNKDTTDGPLMILRSDKDTFDQSAQFVDYSGKTNAVNIVMRQPSAPNFSSALNITSANEGGSAMQIRGVEKALGTLKITHENPNVKANYDENAAALSIDIVKKTNGEGTAAQGIYINSSTGTTGKMLRIRNKNEDKFYVGPDGGFYSGANSTVAGNLTVKDPTSGKHAATKDYVDEKIAELKKLILKK
PL16__118	triple-helix	manual	110:306	MSENIPLRVQFKRMTASEWARSDVILLESEIGFETDTGFARAGDGHNRFSDLGYISPLDYNLLTNKPNIDGLVTKVETAQKLQQKADKETVYTKAESKQELDKKLNLKGGVMTGQLKFKPAATVAYSSSTGGAVNIDLSSSRGAGVVVYSNNDTSDGPLMSLRTGKETFNQSALFVDYSGKTNAVNIAMRQPSTPNFSSALNITSGNENGSAMQLRGSEKALGTLKITHENPSIGADYDKNAAALSIDIVKKTNGAGTAAQGIYINSTSGTTGKLLRIRNLSDDKFYVKSDGGFYAKETSQIDGNLKLKDPTANDHAATKAYVDKAISELKKLILKK
PL16__153	triple-helix	manual	142:343	MSKEVASARIQHRGMTKQEWESSSDILMEREIGIDMTTGYPKVGDGKNKFKDLKDLRGPMGPQGPSGERGLTGPIGPRGPAGKPGTTDYNQLQNKPNLDAFAQKKETNSKITKLESSKADKSAVYSKAESKIELDKKLSLTGGIVTGQLQFKPNKSGIKPSSSVGGAINIDMSKSEGAGVVVYSNNDTSDGPLMSLRTGKETFNKSALFVDYKGTTNAVNIVMRQPTTPNFSSALNITSGNENGSAMQLRGSEKALGTLKITHENPNVEAKYDENAAALSIDIVKKQKGGKGTAAQGIYINSTSGTTGKLLRIRNLSDDKFYVKSDGGFYAKETSQIDGNLKLKDPTANDHAATKAYVDKAISELKKLILKK
PL16__147	triple-helix	manual	104:301	MTETIPLRVQFKRMTAEEWARSTVILLEGEIGLETDTGYAKFGDGKNRFSKLKYLNKPDLDAFAQKKETDNKIAKLESIKADKDTVYLKAESKKELDKKMNLTGGTMTGQLQFKPNSDIKHSSSTGGAINIDMSKSAGAAMVMYTNKDTTDGPLMILRSDKDTFDQSAQFVDYSGKTNAVNIVMRQPSEPNFSSALNITSANEGGSAMQIRGIERALGTLKITHENPSANAKYDENAAALSIDIVGKRRASGNGTAAQGIFINSSAGTTGKMLRIRNKNVDKFYVGPDGGFWSCANSTVAGNLTVNDPTSSKHAVTKDYVDKEIAKLKELIQKID
PL16__58	triple-helix	manual	103:301	MTETIPLRVQFKRMTAEEWARSDVILLESEIGFETDTGYAKFGDGKNQFSKLKYLNKLDLDAFAQKKETNSKITKLESNKADKNAVYLKAESNAKLDEKLSLTGGIVTGQLQFKPNSGIKPSSSVGGAINIDMSKSKGAGIVVYSNNDTSDGPLMSLRTGKETFNKSALFVDYSGKTNAVNIAMRQPSTPNFSSALNITSGNENGSAMQLRGSEKALGTLKITHENPNVEAKYDENAAALSIDIVKKQKGGKGTAAQGIYINSTSGTAGKMLRIRNKNKDKFYVGPDGDFWSCASSIVDGNLTVKDPTSGKHAATKDYVDEKIAELKKLILKK
PL16__5	triple-helix	manual	107:317	MTENIPLRVQFKRMKAAEWARSDVILLESEIGFETDTGFARAGDGHNRFSDLGYISPLDYNLLTNKPNIDGLATKVETAQKLQQKADKETVYTKAESKQELDKKLNLKGGVMTGQLKFKPAATVAYSSSTGGAVNIDLSSSRGAGVVVYSNNDTSDGPLMSLRTGKETFNKSALFVDYSGKTNAVNIAMRQPSTPNFSSALNITSGNENGSAMQLRGSEKALGTLKITHENPSLEANYDKDAAALSIDIVKKQKGGKGTAAQGIFINSSTGTTGKMLRIRNKNEDKFYVGPDGGFHSGANSTVAGNLTVNYPTSEKHAATKKYVDEKFDELKKLIQKKID
PL16__144	triple-helix	manual	123:324	MTTQGWESSSDILMEREIGIDMTTGYPKVGDGKNKFKDLKDLRGPMGPQGPTGERGPIGPTGPIGKTGTTDYNQLQNKPNLDAFAQKKETNSKITKLESSKADKSAVYSKAESKIELDKKLSLTGGIVTGQLQFKPNKSGIKPSSSVGGAINIDMSKSEGAAMVMYTNKDTTDGPLMILRSDKETFNQSALFVDYSGKTNAVNIVMRQPSTPNFSSALNITSANEGGSAMQIRGVEKALGTLKITHENPNVKANYDENAAALSIDIVKKTNGEGTAAQGIYINSSTGTTGKMLRIRNKNEDKFYVGPDGGFHSGANSTVTGNLTVKDPTSEKHAATKKYVDEKIAELKKLIQKTD
PL16__133	triple-helix	manual	127:329	MTETIPLRVQFKRMKAAEWASSDVVLLEGEIGFETDTGFAKFGDGQNTFSKLKYLTGPKGPKGDTGLQGKTGGTGPRGPAGKPGTTDYDQLQNKPDLGAFAQKEETNSKITKLESSKADKNAVYLKAESNAKLDEKLSLTGGIVTGQLQFKPNSGIEKSSSTGGAINIDMSKSKGAAMVMYTNKDTTDGPLMILRSDKDTFDQSVQFVDYKGTTNAVNIVMRQPTTPNFSSALNITSANEGGSAMQIRGVEKALGTLKITHENPNVEAKYDENAAALSIDIVKKQKGGKGTAAQGIYINSTSGTAGKMLRIRNKNKDKFYVGPDGDFWSCASSIVDGNLTVKDPTSGKHAATKDYVDEKIAELKKLILKK
PL16__37	triple-helix	manual	140:337	MTETIPLRVQFKRMKAAEWASSDVVLLEGEIGFETDTGFAKFGDGQNTFSKLKYLTGPKGPKGDTGLQGKTGGTGPRGPAGKPGTTDYDQLQNKPDLGAFAQKEETNSKITKLESSKADKSAVYSKAESKIELDKKLSLTGGIVTGQLQFKPNKSGIKPSSSVGGAINIDMSKSEGAGVVVYSNNDTSDGPLMSLRTGKETFNQSALFVDYSGKTNAVNIVMRQPTTPNFSSALNITSDNENGSAMQLRGSEKALGTLKITHENPNVEANYDENAAALSIDIVKKQKGGKGTAAQGIYINSTSGTAGKMLRIRNENKDKFYVNPDGGFWSCANSTVTGNLTVKDPTSEKHAATKKYVDEKIAELKKLIQKTD
PL16__105	triple-helix	manual	101:300	MTETIPLRVQFKRMTAKEWASSAVILLEGEIGFETDTGYAKFGDGKSRFSELKYLNKPDLGAFAQKEETNSKITKLESSKADKNAVYLKAESKIELDKKLSLTGGIVTGQLRLKPNSGIEKSSSTGGAINIDMSKSKGAAMVMYTNKDTTDGPLMILRSNKDTFDQSVQFVDYRGKTNAVNIVMRQPSTPNFSSALNITSANEGGSAMQLRGSEEALGTLKITHENPSLEANYDKNAAALSIDIVKKTNGAGTAAQGIYINSTSGTTGKLLRIRNKNKDKFYVNPDGGFHSYADSIVDGNLTVKNPTSNEHAATKKYVDEKIAELKKLIPKK
PL16__59	triple-helix	manual	140:331	MTETIPLRVQFKRMKAAEWASSDVVLLEGEIGFETDTGFAKFGDGQNTFSKLKYLTGPKGPKGDTGLQGKTGGTGPRGPAGKPGTTDYNQLQNKPNLDAFARKQETDSRITELKSNKADKSAVYSKAESKIELDKKLSLTGGTVTGQLRLKPNSGIDKSSSTGGAINIDMSKSKGAAMVMYTNKDTTDGPLMILRSNKDTFDQSVQFVDYKGTTNAVNIVMRQPTTPNFSSALNITSANEGGSAMQIRGVEKALGTLKITHENPNVKANYDENAAALSIDIVKKTNGEGTAAQGIYINSSTGTTGKMLRIRNKNEDKFYVGPDGGFHSGANSTVAGNLTVNDPTSSKHAATKKYVDEKIAELKKLIQKID
PL16__3	triple-helix	manual	108:315	MSENIPLRVQFKRMTASEWARSDVILLESEIGFETDTGFARAGDGHNRFSDLGYISPLDYNLLTNKPNIDELATKVETAQKLQQKADKETVYTKAESKQELDKKLNLKGGVMTGQLKFKPAATVAYSSSTGGAVNIDLSSTRGAGVVVYSDNDTSDGPLMSLRTGKETFNQSALFVDYKGTTNAVNIAMRQPTTPNFSSALNITSGNENGSAMQLRGSEKALGTLKITHENPSIGADYDKNAAALSIDIVKKTNGAGTAAQGIYINSTSGTTGKLLRIRNLSDDKFYVKSDGGFYAKETSQIDGNLKLKDPTANDHAATKAYVDKAISELKKLILKK
PL16__126	triple-helix	manual	140:350	MTENIPLRVQFKRMSADEWARSDVILLEGEIGFETDTGYAKFGNGKSKFSALKYLTGPKGPKGDTGLQGKTGGTGPRGPAGKPGTTDYNQLQNRPNLDAFAQKKETNSKITKLESSKADKSAVYSKAESKIELDKKLSLTGGIVTGQLQFKPNSGIKPSSSVGGAINIDMSKSEGAAMVMYTNKDTTDGPLMILRSDKDTFDQSAQFVDYSGKTNAVNIVMRQPSAPNFSSALNITSANEGGSAMQIRGVEKALGTLKITHENPNVKANYDENAAALSIDIVKKTNGEGTAAQGIYINSSTGTTGKMLRIRNKNEDKFYVGPDGGFHSGANSTVAGNLTVKDPTSGKHAATKDYVDEKIAELKKLILKK
PL16__97	triple-helix	manual	110:315	MSENIPLRVQFKRMTASEWARSDVILLESEIGFETDTGFARAGDGHNRFSELGYISPLDYNLLTNKPNIDELATKVETAQKLQQKADKETVYTKAESKQELDKKLNLKGGVMTGQLKFKPAATVAYSSSTGGAVNIDLSSTRGAGVVVYSDNDTSDGPLMSLRTGKETFNQSALFVDYKGTTNAVNIAMRQPTTPNFSSALNITSGNENGSAMQLRGSEKALGTLKITHENPSIGADYDKNAAALSIDIVKKTNGAGTAAQGIYINSTSGTTGKLLRIRNLSDDKFYVKSDGGFYAKETSQIDGNLKLKDPTANDHAATKAYVDKAISELKKLILKK
PL16__130	triple-helix	manual	140:342	MTETIPLRVQFKRMKAAEWASSDVVLLEGEIGFETDTGFAKFGDGQNTFSKLKYLTGPKGPKGDTGLQGKTGGTGPRGPAGKPGTTDYDQLQNKPDLGAFAQKEETNSKITKLESSKADKNAVYLKAESKIELDKKLNLKGGVMTGQLQFKPNKSGIKPSSSVGGAINIDMSKSAGAAMVMYTNKDTTDGPLMILRSDKDTFDQSAQFVDYSGKTNAVNIVMRQPSTPNFSSALNITSANEGGSAMQIRGIERALGTLKITHENPNVDAKYDENAAALSIDIVGKRGASGNGTAAQGIFINSSAGTTGKMLRIRNKNKDKFYVNPDGGFHSYADSIVDGNLTVKDPTSGKHAATKDYVDKKFDELKKLIQKTD
PL16__117	triple-helix	manual	137:348	MAENIPLRVQFKRMKAAEWASSDVVLLEGEIGFETDTGFAKFGDGQNTFSKLKYLTGPKGPKGDTGLQGKTGGTGSRGPAGKPGTTDYDQLQNKPDLGAFAQKEETNSKITKLESSKADKNAVYLKAESNAKLDEKLNLKGGVMTGQLQFKPNSGIKPSSSVGGAINIDMSKSEGAAMVMYTNKDTTDGPLMILRSNKDTFDQSVQFVDYKGTTNAVNIVMRQPTTPNFSSALNITSANEGGSAMQIRGVEKALGTLKITHENPSVDKEYDKNAAALSIDIVKKQKGGKGTAAQGIYINSTSGTTGKLLRIRNLNDDKFYVKPDGGFYAKETSQIDGNLKLKDPIANDHAATKAYVDGEVEKLKALLAAKQM
PL16__65	triple-helix	manual	140:341	MTETIPLRVQFKRMKAAEWASSDVVLLEGEIGFETDTGYAKFGNGKSKFSALKYLTGPKGPKGDTGLQGKTGGTGPRGPAGKPGTTDYNQLQNRPNLDAFAQKKETDNKIAKLESIKADKDTVYLKAESKKELDKKMNLTGGTMTGQLQFKPNSDIKHSSSTGGAINIDMSKSAGAAMVMYTNKDTTDGPLMILRSDKDTFDQSAQFVDYSGKTNAVNIVMRQPSEPNFSSALNITSANEGGSAMQIRGIERKLGTLKITHENPSVEANYDENAAALSIDIVKKQKGGKGTAAQGIYINSTSGTTGKLLRIRNLGDDKFYVKSDGGFYAKETSQIDGNLKLKDPTANDHAATKAYVDKAISELKKLILKK
PL16__151	triple-helix	manual	108:317	MSENIPLRVQFKRMTASEWARSDVILLESEIGFETDTGFVRAGDGHNRFSELGYISPLDYNLLTNKPNIDELATKVETAQKLQQKADKETVYTKAESKQELDKKLNLKGGVMTGQLKFKPAATVAYSSSTGGAVNIDLSSSRGAGVVVYSNNDTSDGPLMSLRTGKETFNQSALFVDYKGTTNAVNIAMRQPTTPNFSSALNITSGNENGSAMQIRGVEKALGTLKITHENPSIKADYDKNAAALSIDIVKKQESGGKGTAAQGIYINSTSGTTGKLLRIRNLNDDKFYVKPDGGFYAKETSQIDGNLKLKDPIANDHAATKAYVDGEVEKLKALLTAKQM
PL16__129	triple-helix	manual	101:307	MTETIPLRVQFKRMTAKEWARSAVILLEGEIGFETDTGYAKFGDGKSRFSELKYLNKPDLGAFAQKEETNSKITKLESSKADKNAVYLKAESKIELDKKLSLAGGIVTGQLRLKPNSGIEKSSSTGGAINIDMSKSKGAAMVMYTNKDTTDGPLMILRSNKDTFDQSVQFVDYRGKTNAVNIVMRQPTTPNFSSALNITSANEGGSAMQIRGVEKALGTLKITHENPSVDKEYDKNAAALSIDIVKKKKGGGDGTAAQGIFINSSSGTTGKLLRIRNKNEDKFYVNPDGGFHSYADSIVDGNLTVKNPTSNEHAVTKKYVDEKFDELKKLIQKK
PL16__63	triple-helix	manual	141:351	MTENIPLRVQFKRMSADEWARSDVILLEGEIGFETDTGFAKFGDGQNTFSKLKYLTGPKGPKGDTGLQGKTGGTGPRGPAGKPGTTDYDQLQNKPDLGAFAQKEETNSKITKLESSKADKSAVYSKAESKIELDKKLSLTGGIVTGQLQFKPNKSGIKPSSSVGGAINIDMSKSEGAAMVMYTNKDTTDGPLMILRSDKDTFDQSAQFVDYSGKTNAVNIVMRQPSAPNFSSALNITSANEGGSAMQIRGVEKALGTLKITHENPNVEAKYDENAAALSIDIVKKQKGGKGTAAQGIYINSTSGTAGKMLRIRNKNEDKFYVGPDGGFHSGANSTVAGNLTVKDPTSGKHAATKDYVDEKIAELKKLILKK
PL16__15	triple-helix	manual	102:309	MSENIPLRVQFKRMTASEWARSDVILLESEIGFETDTGYAKFGDGKNQFSKLKYLNKPDLDAFAQKKETDNKIAKLESIKADKDTVYLKAESKKELDKKMNLTGGTMTGQLQFKPNSHIKHSSSTGGAINIDMSKSAGAAMVMYTNKDTTDGPLMILRSDKDTFDQSAQFVDYSGKTNAVNIVMRQPSTPNFSSALNITSANEGGSAMQIRGIERALGTLKITHENPNVDAKYDENAAALSIDIVGKRGASGNGTAAQGIFINSSAGTTGKMLRIRNKNKDKFYVNPDGGFHSYADSIVDGNLTVKDPTSGKHAATKDYVDKKFDELKKLIQKTD
PL16__66	triple-helix	manual	102:304	MTETIPLRVQFKRMTAEEWARSDVILLEGEIGFETDTGYAKFGDGKSRFSELKYLNKPDLGAFAQKEETNSKITKLESSKADKNAVYLKAESKIELNKKLNLTGGIVTGQLRLKPNSGIKHSSSTGGAINIDMSKSKGAAMVMYTNKDTTDGPLMILRSDKDTFNQSVQFVDYRGKTNAVNIVMRQPSTPNFSSALNITSANEGGSAMQLRGSEEALGTLKITHENPSLKANYDKNAAALSIDIVKKTNGAGTAAQGIYINSTSGTTGKLLRIRNLGDDKFYVEHDGGFYAKKTSQIDGNLKLKNPTASDHAATKAYVDDEVKKLKALLTNKQA
PL16__137	triple-helix	manual	108:311	MSENIPLRVQFKRMTASEWARSDVILLESEIGFETDTGFARAGDGHNRFSDLGYISPLDYNLLTNKPNIDGLATKVETAQKLQQKADKETVYTKAESKQELDKKLNLKGGVMTGQLKFKPAATVAYSSSTGGAVNIDLSSSRGAGVVVYSDNDTSDGPLMSLRTGKETFNQSALFVDYKGTTNAVNIAMRQPTTPNFSSALNITSGNENGSAMQIRGVEKALGTLKITHENPSIKADYDKNAAALSIDIVKKQESGGKGTAAQGIYINSTSGTTGKLLRIRNLNDDKFYVKPDGGFYAKETSQIDGNLKLKDPIANDHAATKAYVDGEVEKLKALLTAKQM
PL16__7	triple-helix	manual	107:300	MSENIPLRVQFKRMTASEWARSDVILLESEIGFETDTGFARAGDGHNRFSELGYISPLDYNLLTNKPNIDELATKVETAQKLQQKADKETVYTKAESKQELDKKLNLKGGVMTGQLKFKPAATVAYSSSTGGAVNIDLSSTRGAGVVVYSDNDTSDGPLMSLRTGKETFNQSALFVDYKGTTNAVNIAMRQPTTPNFSSALNITSGNENGSAMQLRGSEKALGTLKITHENPSIGADYDKNAAALSIDIVKKTNGAGTAAQGIYINSTSGTTGKLLRIRNLSDDKFYVKSDGGFYAKETSQIDGNLKLKGPTANDHAATKAYVDKAISELKKLILKK
PL16__30	triple-helix	manual	137:341	MSKEVASARIQHRGMSTQEWESSSDILMEREIGIDMTTGYPKVGDGKNKFKDLKDLRGPMGPQGSTGERGPIGPTGPAGKPGTTDYNQLQNKPDLGAFAQKEETNSKITKLESSKADKNAVYLKAESKIELDKKLSLTGGIVTGQLQLKPNSGIKHSSSTGGAINIDMSKSAGAAMVMYTNKDTTDGPLMILRSDKDTFDQSAQFVDYSGKTNAVNIVMRQPSEPNFSSALNITSANEGGSAMQIRGIERKLGTLKITHENPSANAKYDENAAALSIDIVGKRGASGNGTAAQGIFINSSAGTTGKMLRIRNKNKDKFYVNPDGGFHSYASSTVAGNLTVNDPISEKHAATKDYVDKAISELKKLIPKK
PL16__152	triple-helix	manual	140:347	MTETIPLRVQFKRMKAAEWASSDVVLLEGEIGFETDTGFAKFGDGQNTFSKLKYLTGPKGPKGDTGIQGKTGGTGPRGPAGKPGTTDYDQLQNKPDLGAFAQKEETNSKITKLESSKADKSAVYSKAESKIELDKKLSLTGGIVTGQLQFKPNKSGIKPSSSVGGAINIDMSKSEGAAMVMYTNKDTTDGPLMILRSDKDTFDQSAQFVDYSGKTNAVNIVMRQPSAPNFSSALNITSANEGGSAMQIRGVEKALGTLKITHENPNVEAKYDENAAALSIDIVKKQKGGKGTAAQGIYINSTSGTAGKMLRIRNKNEDKFYVGPDGGFHSGANSTVAGNLTVNYPTSEKHAATKKYVDEKIAELKKLILKK
PL16__43	triple-helix	manual	109:307	MSGEVISARVRHKGMTKSEWESSDVILLESEIGFETDTGFARAGDGHNRFSDLGYISPLDYNLLTNKPNIDGLATKVETAQKLQQKADKETVYTKAESKQELDKKLNLKGGVMTGQLQFKPNKSGIKPSSSVGGAINIDMSKSEGAGVVVYSNNDTSDGPLMSLRTGKETFNQSALFVDYSGKTNAVNIAMRQPTTPNFSSALNITSGNENGSAMQIRGVEKALGTLKITHENPSANAKYDENAAALSIDIVGKRGASGNGTAAQGIFINSSAGTTGKMLRIRNKNVDKFYVGPDGGFWSCANSTVAGNLTVNDPTSSKHAVTKDYVDKEIAKLKELIQKK
PL16__36	triple-helix	manual	140:348	MAENIPLRVQFKRMKAAEWASSDVVLLEGEIGFETDTGFAKFGDGQNTFSKLKYLTGPKGPKGDTGLQGKTGGTGSRGPAGKPGTTDYDQLQNKPDLGAFAQKEETNSKITKLESSKADKNAVYLKAESNAKLDEKLNLKGGVMTGQLQFKPNSGIKPSSSVGGAINIDMSKSEGAAMVMYTNKDTTDGPLMILRSNKDTFDQSVQFVDYKGTTNAVNIVMRQPTTPNFSSALNITSANEGGSAMQIRGVEKALGTLKITHENPSVDKEYDENAAALSIDIVKKQKGGKGTAAQGIYINSTSGTAGKMLRIRNKNKDKFYVGPDGDFWSCASSIVDGNLTVKDPTSGKHAATKDYVDEKIAELKKLILKK
PL16__39	triple-helix	manual	140:340	MTENIPLRVQFKRMTADEWARSDVILLEGEIGFETDTGYAKFGDGRSRFSELKYLTGPKGPKGDDGPQGKTGDTGPQGPAGKPGTTDYNQLQNKPNLDAFAQKKETDSKIAKLVSSKADKSAVYLKAESKIELDKKLSLTGGVMTGQLKFKPAATVAYSSSTGGAVNIDLSSSRGAGVVVYSNNDTSDGPLMSLRTGKETFNQSALFVDYKGTTNAVNIAMRQPTTPNFSSALNITSGNENGSAMQIRGVEKALGTLKITHENPNVEASYDENAAALSIDIVKKQKGGGKGTAAQGIYINSTSGTTGKMLRIRNLNDDKFYVKPDGGFYAKETSQIDGNLKLKDPIANDHAATKAYVDGEIKKIKALLTAK
PL16__77	triple-helix	manual	140:340	MTETIPLRVQFKRMKAAEWASSDVVLLEGEIGFETDTGFAKFGDGQNTFSKLKYLTGPKGPKGDTGLQGKTGGTGPRGPAGKPGTTDYNQLQNKPNLDAFARKQETDSKITELKSNKADKNAVYLKAESNAKLDEKLSLTGGIVTGQLQFKPNKSGIKPSSSVGGAINIDMSKSEGAGVVVYSNNDTSDGPLMSLRTGKETFNQSALFVDYSGKTNAVNIVMRQPTTPNFSSALNITSDNENGSAMQLRGSEKALGTLKITHENPNVEANYDENAAALSIDIVKKQKGGKGTAAQGIYINSTSGTAGKMLRIRNENKDKFYVNPDGGFWSCANSTVTGNLTVKDPTSEKHAATKKYVDEKIAELKKLIQKTD
PL16__64	triple-helix	manual	140:346	MTENIPLRVQFKRMSADEWARSDVILLEGEIGFETDTGYAKFGNGKSKFSALKYLTGPKGPKGDTGLQGKTGGTGPRGPAGKPGTTDYNQLQNRPNLDAFAQKKETNSKITKLESSKAGKSAVYSKAESKIELDKKLSLTGGIVTGQLQFKPNSGIKPSSSVGGAINIDMSKSEGAAMVMYTNKDTTDGPLMILRSDKDTFDQSAQFVDYSGKTNAVNIVMRQPSAPNFSSALNITSANEGGSAMQIRGVEKALGTLKITHENPNVKANYDENAAALSIDIVKKTNGEGTAAQGIYINSSTGTTGKMLRIRNKNEDKFYVGPDGGFHSGANSTVAGNLTVKDPTSGKHAATKDYVDEKIAELKKLILKK
PL16__107	triple-helix	manual	103:300	MTETIPLRVQFKRMTAKEWASSAVILLEGEIGFETDTGYAKFGDGKSRFSELKYLNKPDLGAFAQKEETNSKITKLESSKADKNAVYLKAESKIELDKKLSLTGGIVTGQLQFKPNSGIKPSSSVGGAINIDMSKSEGAGVVVYSNNDTGDGPLMSLRTGKETFNKSALFVDYKGTTNAVNIAMRQPSTPNFSSALNITSGNENGSAMQIRGVEKALGTLKITHENPNVEANYDENAAALSIDIVKKQKGGKGTAAQGIYINSTSGTTGKLLRIRNLGDDKFYVKHDGGFYAKKTSQIDGNLKLKNPTADDHAATKAYVDGEVEKLKALLTAKQM
PL16__27	triple-helix	manual	103:305	MTETIPLRVQFKRMTAKEWASSAVILLEGEIGFETDTGYAKFGDGKSRFSKLKYLNKPDLGAFAQKEETNSKITKLESSKADKNAVYLKAESKIELDKKLSLTGGIVTGQLRLKPNSGIEKSSSTGGAINIDMSKSKGAAMVMYTNKDTTDGPLMILRSNKDTFDQSVQFVDYRGKTNAVNIVMRQPSTPNFSSALNITSANEGGSAMQIRGVEKALGTLKITHENPSVNKEYDKNAAALSIDIVKKKKGGGNGTAAQGIFINSSTGTTGKLLRIRNKNEDKFYVNPDGGFHSYADSIVDGNLTVKNPTSNEHAVTKKYVDEKFDELKELIQKK
PL16__60	triple-helix	manual	103:301	MTETIPLRVQFKRMTAEEWARSTVILLEGEIGLETDTGYAKFGDGKNRFSKLKYLNKPDLDAFAQKKETDNKIAKLESIKADKDTVYLKAESKIELDKKLSLAGGIVTGQLRLKPNSGIEKSSSTGGAINIDMSKSKGAAMVMYTNKDTTDGPLMILRSNKDTFDQSVQFVDYRGKTNAVNIVMRQPPTPNFSSALNITSANEGGSAMQIRGVEKALGTLKITHENPSVDKEYDKNAAALSIDIVKKKKGGGDGTAAQGIFINSSSGTTGKLLRIRNKNEDKFYVNPDGGFHSYADSIVDGNLTVKNPTSGKHAATKDYVDKKFDELKKLIQKTD
PL16__29	triple-helix	manual	140:350	MAENIPLRVQFKRMKAAEWASSDVVLLEGEIGFETDTGFAKFGDGQNTFSKLKYLTGPKGPKGDTGLQGKTGGTGPRGPAGKPGTTDYDQLQNKPDLGAFAQKEETNSKITKLESSKADKNAVYLKAESNAKLDEKLNLKGGVMTGQLQFKPNSGIKPSSSVGGAINIDMSKSEGAAMVMYTNKDTTDGPLMILRSNKDTFDQSVQFVDYKGTTNAVNIVMRQPTTPNFSSALNITSANEGGSAMQIRGVEKALGTLKITHENPSVDKEYDKNAAALSIDIVKKQKGGKGTAAQGIYINSTSGTTGKLLRIRNLNDDKFYVKPDGGFYAKETSQIDGNLKLKDPIANDHAATKAYVDGEVEKLKALLAAKQM
PL16__146	triple-helix	manual	139:340	MTETIPLRVQFKRMKAAEWASSDVVLLEGEIGFETDTGFAKFGDGQNTFSKLKYLTGPKGPKGDTGLQGKTGGTGPRGPAGKPGTTDYDQLQNKPDLGAFAQKEETNSKITKLESSKADKNAVYLKAESKIELDKKLNLKGGVMTGQLQFKPNKSGIKPSSSVGGAINIDMSKSEGAGVVVYSNNDTSDGPLMSLRTGKETFNQSALFVDYSGKTNAVNIAMRQPTTPNFSSALNITSGNENGSAMQIRGVEKALGTLKITHENPSVEANYDENAAALSIDIVKKQKGGKGTAAQGIYINSTSGTTGKLLRIRNLGDDKFYVKSDGGFYAKETSQIDGNLKLKDPTANDHAATKAYVDKAISELKELIQKK
PL16__143	triple-helix	manual	123:333	MTTQGWESSPDILMEREIGIDMTTGYPKVGDGKNKFKDLKDLRGPMGPQGPTGERGPIGPTGPIGKTGTTDYNQLQNKPNLDAFAQKKETNSKITKLESSKADKSAVYSKAESKIELDKKLSLTGGIVTGQLQFKPNKSGIKPSSSVGGAINIDMSKSEGAGVVVYSNNDTSDGPLMSLRTGKETFNKSALFVDYSGKTNAVNIAMRQPSTPNFSSALNITSGNENGSAMQLRGSEKALGTLKITHENPNVEANYDENAAALSIDIVKKQKGGKGTAAQGIYINSTSGTAGKMLRIRNENKDKFYVNPDGGFWSCANSTVTGNLTVKDPTSEKHAATKKYVDEKIAELKKLIQKTD
PL16__127	triple-helix	manual	102:303	MSENIPLRVQFKRMTAEEWARSTVILLEGEIGLETDTGYAKFGDGKNRFSKLKYLNKPDLDAFAQKKETDNKIAKLESIKADKDTVYLKAESKKELDKKMNLTGGTMTGQLQFKPNSDIKHSSSTGGAINIDMSKSAGAAMVMYTNKDTTDGPLMILRSDKDTFDQSAQFVDYSGKTNAVNIVMRQPSEPNFSSALNITSANEGGSAMQIRGIERKLGTLKITHENPSANAKYDENAAALSIDIVGKRGASGNGTAAQGIFINSSAGTTGKMLRIRNKNKDKFYVNPDGGFHSYASSTVAGNLTVNDPISEKHAATKDYVDEKIAELKKLIPKK
PL16__45	triple-helix	manual	108:310	MTENIPLRVQFKRMKAAEWARSDVILLESEIGFETDTGFARAGDGHNRFSDLGYISPLDYNLLTNKPNIDGLATKVETAQKLQQKADKETVYTKAESKQELDKKLNLKGGVMTGQLKFKPAATVAYSSSTGGAVNIDLSSSRGAGVVVYSNNDTSDGPLMSLRTGKETFNKSALFVDYSGKTNAVNIAMRQPSTPNFSSALNITSGNENGSAMQLRGSEKALGTLKITHENPSLEANYDKDAAALSIDIVKKQKGGKGTAAQGIFINSSTGTTGKMLRIRNKNEDKFYVGPDGGFHSGANSTVAGNLTVNYPTSEKHAATKKYVDEKFDELKKLIQKK
PL16__119	triple-helix	manual	108:308	MSGEVISARVRHKGMTKSEWESSDVILLESEIGFETDTGFARAGDGHNRFSDLGYISPLDYNLLTNKPNIDGLATKVETAQKLQQKADKETVYTKAESKQELDKKLNLKGGVMTGQLKFKPAATVAYSSSTGGAVNIDLSSSRGAGVVVYSNNDASDGPLMSLRTGKETFNQSALFVDYKGTTNAVNIAMRQPTTPNFSSALNITSGNENGSAMQIRGIERALGTLKITHENPSANAKYDENAAALSIDIVGKRGASGNGTAAQGIFINSSAGTTGKMLRIRNKNVDKFYVGPDGGFWSCANSTVAGNLTVNDPTSSKHAVTKDYVDKEIAKLKELIQKID
PL16__25	triple-helix	manual	108:300	MSENIPLRVQFKRMTASEWARSDVILLESEIGFETDTGFARAGDGHNRFSDLGYISPLDYNLLTNKPDIDGLATKVETAQKLQQKADKETVYTKAESKQELDKKLNLKGGVMTGQLQFKPNKSGIKPSSSVGGAINIDMSKSEGAGVVVYSNNDTSDGPLMSLRTGKETFNQSALFVDYSGKTNAVNIAMRQPSTPNFSSALNITSGNENGSAMQLRGSEKALGTLKITHENPSIGADYDKNAAALSIDIVKKTNGAGTAAQGIYINSTSGTTGKLLRIRNKNEDKFYVGPDGGFHSGANSTVAGNLTVNDPTSSKHAATKKYVDEKIAELKKLILKK
rcsb_pdb_2YW0	triple-helix	manual	104:308	MSENIPLRVQFKRMKAAEWARSDVILLESEIGFETDTGFARAGDGHNRFSDLGYISPLDYNLLTNKPNIDGLATKVETAQKLQQKADKETVYTKAESKQELDKKLNLKGGVMTGQLKFKPAATVAYSSSTGGAVNIDLSSTRGAGVVVYSDNDTSDGPLMSLRTGKETFNQSALFVDYKGTTNAVNIAMRQPTTPNFSSALNITSGNENGSAMQLRGSEKALGTLKITHENPSIGADYDKNAAALSIDIVKKTNGAGTAAQGIYINSTSGTTGKLLRIRNLSDDKFYVKSDGGFYAKETSQIDGNLKLKDPTANDHAATKAYVDKAISELKKLILKKH
MGYP001296033211	triple-helix	manual	37:260	GNTLYYTSDGLQAGTTIYTDGSVIGVGTTLPKAKLHLMSNSVDRTSLLIQSITSQTANLLDLQNVDGISLASFNSNGKLSLSNGTNDHSIEITPTGNAGYLSSNGGAIFINNTSNLGSGIGIYSNAGAEALGNMINVKVDNALYNQAAFYMDYDGISNAVEIISNTQDSSSNALSVTNNNTQDSAVGVIGYETGKGTIKVSHNGTGTDSNASGISIDLKGTGTRAQGLYVDSTASGGTLGNLLRLRNQSIDRFVVDSLGGLKIG
MGYP001613371361	triple-helix	manual	full	ASSSTSVGGAILLENTGNTGAGFIIYSNAGASSGRLMNIRADNIAFDQAAFHIDYDGTSNAFEILQNSTDSSSNAISVTSINPNDTAVGIIGQETGKGTVKITHKYTGTADTNASAMSILLDGTSAGTAAQGIFIDSTAAQPTTGNLLTIKNNAVNELTLSSAGVLSTAGDIIPTVSDAASLGTTSLMWSDLFLASGAVINFNAGDVTITHSLNTLTVVGGDLVLPAAGLTI
MGYP001566598439	triple-helix	manual	full	DPTITFNSGAVAVGGALSANNLISTTIANTVNSQGLTVTQNDTTNNPRAVSLTNTGTATTLFIDPNGVASSSTSVGGAVLLENTGNTGAGFVIYSNAGASTGRLVNIRADNVLFDQAAIHVDYDGTANAFEIINSSTDASSNGFSITSTNPNDTSVGITGQETGKGTLKVTHKYTGTADASASAISILLDGTSAGTAAQGIYLDTT
MGYP001559216884	triple-helix	manual	full	AIGSLVPTELLSLTGNFSITNPNAGKTFIIDPNGAAPTSTSTGGAILLENTGNTGGGFFIYSNAGSTATGRLMNIRADNNQFPQPAFHLDYDGTANAFEIIHSTNDSSSNALSITGSNINDTTFGIFGREYDKGTLKITHIGNGSDISAAALSIDIFNSTGGSGTTAAQGIFMDATTGKTTGKLLNLRNFGDEYLTLTAIGYLGLNNSAPTSRLDVQGNISVSAVNNTIGLFQMFQFNSTCAGFKIAGGGEILSCTP
MGYP001585967839	triple-helix	manual	full	DGTGAGLGITSTSDAALSLSNSGNGNHTAIINYTGTGSAQAALNITSSNQNFTTLGVSGYETNHGTIKITHTGGQPSDANAAALSIDLTATSSATAAQGIFITSSTGTTTGSLIEARNNINKSLFTVRSTGDVGLADAGADARLEIAAYTAGTPYLYISSGANTDGDIMSILSNGNIGIGTTSPWRTFSVKGTIGLDTTLTDSSGTPGSLCYNTSTFEMTKNNAL
MGYP000559111392	triple-helix	manual	full	MYIDQNANTSASTSVGGAVLLDNSGNAGAGLVVYSTQGASGTGHLIASRVNNANFPQSAIYATSNGASHTINIQYAGTDSSSAAASFVSSNVNFTALQVTGEEAGHGTIKVAHVRHNSTTNDQNAAALSIDLQGEGTSAQGIFIDSTYYNTNVS
MGYP000616189667	triple-helix	manual	full	RDLVKITNDDAAAVAATALSIQSDGGRGIFIDSNLAAGLPSLEIDSEHTTANTVVIRSDLLQTGSALDVSDNSGHTGIRNVASIRQDHASATAATALHILSDGGRGLFIDSNLAAGLPSLEIDSEHTSANTVIIKSDILSTGSALQVSSTGTHSSNLVSFISDGAATGPTLHLRSDASVGTVKVLQVANSSADIFSVTQAGDATIGNDFTIAGDFVVT
MGYP000201891019	triple-helix	manual	full	EQYGMGRAGHFEIVNASNNTDALHAATNGNGAAIRGFSTGNGTAGEFQISNTGNSVAALRAFHNGTGDAVASFSNGTGRAGFFQIGNASNSSTAFEVLTYGTGIAGSFTISNNISNGTALSASTTGTGYAATFYGRTYIRSTGTTSSTTALRVDNSASVASFSVRDNGDATIAGFTQLGSTAPAIKMLKLTGTTSTVMGGSVSVPHGIN
MGYP001479054291	triple-helix	manual	full	TGGKGMFITSSSNNLIEGGAVVEINQSGSTMTAANAAVLSVIQAGSGTYGVKIDTNHATANSSLRVESVATTKNIVEIAPSALTTGDAFNITTAEASVHTGQLISLTSANTNNTARGEALKIQYQTANATAVAVRVANSSADVFTVEQSGDTVVGRDLSIGGNLSVHGTTTQINTTTTLARDTAM
MGYP000906719155	triple-helix	manual	full	ATYFVGSGQYLTGVNATDNTKVAKSGDAMTGPLEINYSTATESLYVINSQGTGTGSAALFRTDYTSNASDTIYVLQEGAGGAGFFEKTQNTTGAALIGKTAGVSPTSYGVMGRADSNGSAIYGYNDGTGIAIYGQTTGGYGVYSTTAGTGLSFYGTNTGTGALYGGNATGGGALIELKSGGNERIVADSAGNLNASGTINSTGGFTTAGNATATYFVGSG
MGYP003587387663	triple-helix	manual	full	KDLIDTNNANLLHKTGNESWSGIKSTSNSGGFTNALQLENNSTFATVLAITNNSTGFGTKLTNYATGYGAYVDNRGGGVGLYVNNANTTTAYAVRIDNQGTGNGIGLFNSFTGRAIDVSNSNGGTAIRLDSVSSSTGDLLSITKNSAQVTRVDSNGIITTPTPPSSDNSTRVATT
rcsb_pdb_2C3F	triple-helix	manual	104:303	MGSSHHHHHHSSGLVPRGSHMSSENIPLRVQFKRMKAAEWARSDVILLESEIGFETDTGFARAGDGHNRFSDLGYISPLDYNLLTNKPNIDGLATKVETAQKLQQKADKETVYTKAESKQELDKKLNLKGGVMTGQLKFKPAATVAYSSSTGGAVNIDLSSTRGAGVVVYSDNDTSDGPLMSLRTGKETFNQSALFVDYKGTTNAVNIAMRQPTTPNFSSALNITSGNENGSAMQLRGSEKALGTLKITHENPSIGADYDKNAAALSIDIVKKTNGAGTAAQGIYINSTSGTTGKLLRIRNLSDDKFYVKSDGGFYAKETSQIDGNLKLKDPTANDHAATKAYVDKAISELKKLILKK
rcsb_pdb_3EKA	triple-helix	manual	104:308	LRVQFKRMKAAEWARSDVILLESEIGFETDTGFARAGDGHNRFSDLGYISPLDYNLLTNKPNIDGLATKVETAQKLQQKADKETVYTKAESKQELDKKLNLKGGVMTGQLKFKPAATVAYSSSTGGAVNIDLSSTRGAGVVVYSDNDTSDGPLMSLRTGKETFNQSALFVDYKGTTNAVNIAMRQPTTPNFSSALNITSGNENGSAMQLRGSEKALGTLKITHENPSIGADYDKNAAALSIDIVKKTNGAGTAAQGIYINSTSGTTGKLLRIRNLSDDKFYVKSDGGFYAKETSQIDGNLKLKDPTANDHAATKAYVDKAISELKKLILKKH
MGYP003142855628	triple-helix	manual	full	ASATSGNTLKVYRDLASGSTDADMVYFHQDNASDNTIALQVQQDSSSRAMYVSHQSTYPIDYLARFYAAYSSTGGTAVVDITQDHATGNATCLQINSDGPGVGIDVDQAGAAVGVRVTHSGASPVFQALGAGGNVAFSVSRSHASSNHMDVDMSANPYSGTGMMMDCNTAAGTGFRYMQFTSGNTADTEFTFRGDGNAYADGAFNDSGADYQEYFESESGLPMETGKTAVLVGKKLAY
MGYP001412872376	triple-helix	manual	full	KLHVNVGSTDGTTGIWVDLNDADQQGIRIDANTAGCTANVFELRANVTTGHAMALVHGAVTGTSHTMTGSMLKITDNNSSTVSRAVVDVLQDAIGATGTTGLKVTADGGIGISVVQNADKTGLLVSASANASDGTKVIHVANSSADIFSALANGVINCHGPLLAANSTVTVNCRLGVRDTGGTVVNQT
A0A077PJH0	triple-helix	manual	full	MAFRSKTHKGQGYNELLFEDAKGSELLSLHAQKDMHTKVLNNRDTHVIANHSETVEKNQTIKINENKEETVALNSTETVKEVRKLVTGNNYIIEVGTHKIETINNTLSITTGDVIELRCGASVLRMDSAGRITLQGSEFKFEASGPVQITGKDIDLN
A0A0E1ETG8	triple-helix	manual	107:307	MSENIPLRVQFKRMKAAEWARSDVILLESEIGFETDTGFARAGDGHNRFSDLGYISPLDYNLLTNKPNIDGLATKVETAQKLQQKADKETVYTKAESKQELDKKLNLKGGVMTGQLKFKPAATVAYSSSTGGAVNIDLSSSRGAGVVVYSDNDTSDGPLMSLRTGKETFNQSALFVDYKGTTNAVNIAMRQPTTPNFSSALNITSGNENGSAMQLRGSEKALGTLKITHENPSIGADYDKNAAALSIDIVKKTNGAGTAAQGIYINSTSGTTGKLLRIRNLSDDKFYVKSDGGFYAKETSQIDGNLKLKDPTANDHAATKAYVDKAISELKKLILKK
A0A182DVL8	triple-helix	manual	full	AGENGATTTFDGPVAAERFSADTTLEAAFLKTTSETNHAATIYQAGTSGDGAALNVISDNPGTSAMYLSGTETARGTLKITHRGYADGSDKDAAALSLDLRVAGTAAQGIYVTATNGPTKGNLIALRNNTGLDDFVVKGTGRIGVGIDRAATPRAQVHIVQRGDALAALLVEGSVRIGNAATVPTSVDSSGGGALYASGGALLWRGSNGTVTTIAPA
Q1CPE4	triple-helix	manual	104:304	MTETIPLRVQFKRMTAEEWTRSDVILLESEIGFETDTGYAKFGDGKNQFSKLKYLNKPDLGAFAQKEETNSKITKLESSKADKNAVYLKAESKIELDKKLNLKGGVMTGQLQFKPNKSGIKPSSSVGGAINIDMSKSEGAGVVVYSNNDTSDGPLMSLRTGKETFNQSALFVDYSGKTNAVNIAMRQPTTPNFSSALNITSGNENGSAMQIRGVEKALGTLKITHENPNVEANYDENAAALSIDIVKKQKGGKGTAAQGIYINSTSGTTGKLLRIRNLGDDKFYVKHDGGFYAKKTSQIDGNLKLKNPTADDHAATKAYVDSEVKKLKALLMDKQV
A0A0H3BZL2	triple-helix	manual	100:304	MTETIPLRVQFKRMTAKEWASSAVILLEGEIGFETDTGYAKFGDGKSRFSELKYLNKPDLGAFAQKEETNSKITKLESSKADKNAVYLKAESKIELDKKLSLAGGIVTGQLRLKPNSGIEKSSSTGGAINIDMSKSKGAAMVMYTNKDTTDGPLMILRSNKDTFDQSVQFVDYRGKTNAVNIVMRQPPTPNFSSALNITSANEGGSAMQIRGVEKALGTLKITHENPSVDKEYDKNAAALSIDIVKKKKGGGDGTAAQGIFINSSSGTTGKLLRIRNKNEDKFYVNPDGGFHSYADSIVDGNLTVKNPTSNEHAVTKKYVDEKFDELKKLIQKK
A0A7K2KMZ9	triple-helix	manual	38:246	MTVGRRIFLGGFTAGAVTLAAAGTAAAAPEAAPGDPTVFDGPVVAKNFRADGTANAAFLKTTSTTEHALTVYQAGTSGSGVALNIVSDNPQTSAVYLTGREVDRGTLKISHVGRADGTDTGASAISIDLKTAGTASQGIFLTATDGPTTGNLITLRNNPGVEDLAVKGSGRIGIGIERGATPYAQVHIVQRPTAPAGLLVEGTVRVGNAATVPTGIDSKGGGALYAKDGALYWRGSAGTVTQIASA
A0A7G3UKD1	triple-helix	manual	35:245	MAVNRRLFLGGFTAGAVTVAAGTATPAAAAAAQGPTTTFDGPVVAERFSTNSTVNSAFLKTTSTTEHAATVYQAGTSGSGVALNIVSDNPDNSAVYLTGREKTRGTLKISHIGHADGSDADAAAVSIDLKTAGTATQGIFLTATDGATTGNLICLRNNGRDDFVVKGSGRVGIGLAVGSAPWSQLHVVQRPGADSALMVEGAVRIVDAATVPTAVDSKGGGTLYAQGGELMWRSANGNVTRIASA
A0A1D3DNL6	triple-helix	manual	33:247	MSVTRRLFLGGFTAGAVTVAAGGDAVAAETAEAAGEPTTFDGPVVAQRFVADTTTNGAFLKTTSTTEHALTVYQAGKSGSSVALNIISDNPDDSAVYIKGHERAQRGTVKITHVGAPDGSDAGASALSIDLTVAGTAAQGIHLVAGNGPTKGNLICLRNNGRDDFVVKGSGRVGIGMDIGAGPWSQLHVVQRPGTDSALMVEGLVRIVDAAAAPTGVDSRGGGVLYAQNGELWWRGPDGDPSRIAPA
A0A0K8PG78	triple-helix	manual	100:360	MRIRVIGERPVDSITVNGGQTGRIVHVNAGLVSSVNGRTGGVTLTAEIVGADPAGSAATAQAAAIATAAADATAKVDAHVAATDPHGDRAYADAKFLPLAGGTLTGGLFADLAVRAAFFKTTSTTEHVVTIYQAATSGTSGVALNVISDKPTDSAMYLTGHETARGTLKVTHKNGGAGATDDAGASALSIDLQRNGKPGTAAQGIFLTATEGATTGNLIVLRNNGRDDFVVKGTGRAGVGMDIGEAPEASLEVKQPDTTTPGLVVTGIAATTSPLFQTKTSAGTATLEVGSSGAIVHRAISFYTNSLQLGSTSSDLGGSGGAVISMKDATTAPTTNPTGGVIAYSQGGVFKVRNAAGVVFDTTRRTVTGSRGGNAALASLLTQLATIGLITDSTT
A0A7Z6TP65	triple-helix	manual	41:226	MTVGRRVFLGAFTAGAVTVATGSEAAADGEYTLYTSPAQFYGSSTTAHTVTINHKASSGDTAALNVTSDNPATSAMYLTGVETSRGTLKISHKGYADGSDPGASGLSIDLRTSGTAAQGIFVTATDGPTRGALIVLRNNPGVDDFVVKGTGRTGIGIGRGDTPQSQLHVVAAAGAPSAILAEGAVRLADVDAVPTNAPASAGGGSLYAQDGKLFWKGGDGTPKQLA
A0A1D8G892	triple-helix	manual	42:252	MGVTRRLFLGGFTAGAVTVAAGGDAVAAEAGGDAVAAEAAGETTVFDGPVVAPRFSTDSTVNSGFFRTTSTTEHAVTVHQAATSGKGVALNIVSDNPDDSTVYVKGHERAQRGTVKITHVGAADGSDAGASAVSIDLTVAGTAAQGIFLNAANGPTQGNLICLRNNGRDDFVVKGSGRVGIGMDIGANPWSQLHVVQRPGTPSALMVEGLVRVTDVAAAPTGVDSRGGGVLYAENGALMWRGPHTVTRIAPA
A0A5C4XFE5	triple-helix	manual	61:292	MKGDTGTAGAKGDTGDTGPAGPGVAAGGTTNQFLIKSSSTNYATTWSSKLNAVYTGTASGDHTIAAIQNATAGDNISALNVSSINEQFSSMQVTGREIDTGTIKVSHVKPASGTSDANAAALSIDLKGTGTAAQGIVIDATEGGTTGDLLKLRNNGAFLVTVKSDGKMGIGTGLNTPGGKLEVRQTDDSLPGVVIQANSTTSADLLQFKNNSGALRTNINRTGDLVVRGQAYLQNLQVVGTSTDFGGGNGVIGLKNANTVPTTNPTGGVIVYSDAGVLKYRQPDGTVIDVGSNTAAALNYNATSSSSVTIGTGSKTFTVASGLAFAAGNYVRVQSTANATTYMAGNVTSYSGTSLVINVVETSGTGTLGSWTIGLTGAKGAAGSTGSAGTVLTSTSSTSNAIGTGSKTFTTAAAMTGATVGQWVLITNTGTPANFMRGQVTALSGTSITINVTEAGGSGTFTAWTLSVTGMTGAQGVQGPAGTGSDYANTFVDVNRVTTTAFPNNGFAVLPLNNEVSDVGNNYDATTYLYTVPTSGLYMCLGDFRLRDDEGTTGASVGIGIHTAAEDGPHFKWTIIPASQRRYIDYRRMARFNAGDQLRLFVYYGDAACTLERASMQIVRLS
A0A1G9HV85	triple-helix	manual	30:302	MTSRRLFLGAFTAGAVTVAAGASEAAAAEAEGVVEGDTTFTGAVKATSFHTDSAAMSSFAGTAATAHTHTLTVRQAGTVVDSVALNVTSTNPNDSAMWVSGKEKARGTLKVTHQGYADGSDYEAAAISIWLSTADGVEGTRAQGIFMRPAPGNGPTKGNLITLRNNEDKVDDFVVKANGRVGLGLPYGMNPRARIEIAQRPGDTMGLMLQANPESTAHLADFRNSQDVSQTRVLNDGTLASRNVYLGGSGSPQFGGGDAVVGIRNRALKPTTNPANGGVLYAENGALVWHGSNGTVTTIAPA
A0A6B3B193	triple-helix	manual	183:388	MPEGIPTVTVRGRFLALDGKPRRGQVEFRVPDTVTFDAHDVILSGPVIATLDPQGVFSVQLPATDAPGMVPSGWSYTVTERLSGVDANRPPYHILLPASDPDVSLDDLAPTDPGTPDYVAVHGRSAYEVAVANGFAGTETEWLASLKGEQGVPGVVQSVNGHTDPDVVLAASDVGAVPSTGGTYTGTLRVDTAQHGFTSKSTVTAAGHAITAWMAATSGTGSALNAVSDNPGFSAVQVSGKETGTGTIKVTHARPGPDVDDAGAAALSVDLTGEGTKAQGLFITSTVNRADGDLGTLGNLITVRNTKGRDDFRMAANGRIAMGGPIGYNPTALLDLRMPDTTAPALVTRSAGTTGANMAEWQRSSDGSVRTRISSQCQIVTLETLYAAGIGLQIGGTSVTFGGGSGVLGITNAAVEPSAATIAGGGALYVKDGALYWIGSDGTKTLLAPA
rcsb_pdb_2YW0	triple-helix	manual	104:308	MSENIPLRVQFKRMKAAEWARSDVILLESEIGFETDTGFARAGDGHNRFSDLGYISPLDYNLLTNKPNIDGLATKVETAQKLQQKADKETVYTKAESKQELDKKLNLKGGVMTGQLKFKPAATVAYSSSTGGAVNIDLSSTRGAGVVVYSDNDTSDGPLMSLRTGKETFNQSALFVDYKGTTNAVNIAMRQPTTPNFSSALNITSGNENGSAMQLRGSEKALGTLKITHENPSIGADYDKNAAALSIDIVKKTNGAGTAAQGIYINSTSGTTGKLLRIRNLSDDKFYVKSDGGFYAKETSQIDGNLKLKDPTANDHAATKAYVDKAISELKKLILKKH
MGYP001296033211	triple-helix	manual	37:260	GNTLYYTSDGLQAGTTIYTDGSVIGVGTTLPKAKLHLMSNSVDRTSLLIQSITSQTANLLDLQNVDGISLASFNSNGKLSLSNGTNDHSIEITPTGNAGYLSSNGGAIFINNTSNLGSGIGIYSNAGAEALGNMINVKVDNALYNQAAFYMDYDGISNAVEIISNTQDSSSNALSVTNNNTQDSAVGVIGYETGKGTIKVSHNGTGTDSNASGISIDLKGTGTRAQGLYVDSTASGGTLGNLLRLRNQSIDRFVVDSLGGLKIG
MGYP001613371361	triple-helix	manual	full	ASSSTSVGGAILLENTGNTGAGFIIYSNAGASSGRLMNIRADNIAFDQAAFHIDYDGTSNAFEILQNSTDSSSNAISVTSINPNDTAVGIIGQETGKGTVKITHKYTGTADTNASAMSILLDGTSAGTAAQGIFIDSTAAQPTTGNLLTIKNNAVNELTLSSAGVLSTAGDIIPTVSDAASLGTTSLMWSDLFLASGAVINFNAGDVTITHSLNTLTVVGGDLVLPAAGLTI
MGYP001566598439	triple-helix	manual	full	DPTITFNSGAVAVGGALSANNLISTTIANTVNSQGLTVTQNDTTNNPRAVSLTNTGTATTLFIDPNGVASSSTSVGGAVLLENTGNTGAGFVIYSNAGASTGRLVNIRADNVLFDQAAIHVDYDGTANAFEIINSSTDASSNGFSITSTNPNDTSVGITGQETGKGTLKVTHKYTGTADASASAISILLDGTSAGTAAQGIYLDTT
MGYP001559216884	triple-helix	manual	full	AIGSLVPTELLSLTGNFSITNPNAGKTFIIDPNGAAPTSTSTGGAILLENTGNTGGGFFIYSNAGSTATGRLMNIRADNNQFPQPAFHLDYDGTANAFEIIHSTNDSSSNALSITGSNINDTTFGIFGREYDKGTLKITHIGNGSDISAAALSIDIFNSTGGSGTTAAQGIFMDATTGKTTGKLLNLRNFGDEYLTLTAIGYLGLNNSAPTSRLDVQGNISVSAVNNTIGLFQMFQFNSTCAGFKIAGGGEILSCTP
rcsb_pdb_2YX2	triple-helix	manual	104:297	MSENIPLRVQFKRMKAAEWARSDVILLESEIGFETDTGFARAGDGHNRFSDLGYISPLDYNLLTNKPNIDGLATKVETAQKLQQKADKETVYTKAESKQELDKKLNLKGGVMTGQLKFKPAATVAYSSSTGGAVNIDLSSTRGAGVVVYSDNDTSDGPLMSLRTGKETFNQSALFVDYKGTTNAVNIAMRQPTTPNFSSALNITSGNENGSAMQLRGSEKALGTLKITHENPSIGADYDKNAAALSIDIVKKTNGAGTAAQGIYINSTSGTTGKLLRIRNLSDDKFYVKSDGGFYAKETSQIDGNLKLKDPTANDHAATKAYVDKAISELKKLILKKH
MGYP001585967839	triple-helix	manual	full	DGTGAGLGITSTSDAALSLSNSGNGNHTAIINYTGTGSAQAALNITSSNQNFTTLGVSGYETNHGTIKITHTGGQPSDANAAALSIDLTATSSATAAQGIFITSSTGTTTGSLIEARNNINKSLFTVRSTGDVGLADAGADARLEIAAYTAGTPYLYISSGANTDGDIMSILSNGNIGIGTTSPWRTFSVKGTIGLDTTLTDSSGTPGSLCYNTSTFEMTKNNAL
MGYP000559111392	triple-helix	manual	full	MYIDQNANTSASTSVGGAVLLDNSGNAGAGLVVYSTQGASGTGHLIASRVNNANFPQSAIYATSNGASHTINIQYAGTDSSSAAASFVSSNVNFTALQVTGEEAGHGTIKVAHVRHNSTTNDQNAAALSIDLQGEGTSAQGIFIDSTYYNTNVS
MGYP000616189667	triple-helix	manual	full	RDLVKITNDDAAAVAATALSIQSDGGRGIFIDSNLAAGLPSLEIDSEHTTANTVVIRSDLLQTGSALDVSDNSGHTGIRNVASIRQDHASATAATALHILSDGGRGLFIDSNLAAGLPSLEIDSEHTSANTVIIKSDILSTGSALQVSSTGTHSSNLVSFISDGAATGPTLHLRSDASVGTVKVLQVANSSADIFSVTQAGDATIGNDFTIAGDFVVT
MGYP000201891019	triple-helix	manual	full	EQYGMGRAGHFEIVNASNNTDALHAATNGNGAAIRGFSTGNGTAGEFQISNTGNSVAALRAFHNGTGDAVASFSNGTGRAGFFQIGNASNSSTAFEVLTYGTGIAGSFTISNNISNGTALSASTTGTGYAATFYGRTYIRSTGTTSSTTALRVDNSASVASFSVRDNGDATIAGFTQLGSTAPAIKMLKLTGTTSTVMGGSVSVPHGIN
MGYP001479054291	triple-helix	manual	full	TGGKGMFITSSSNNLIEGGAVVEINQSGSTMTAANAAVLSVIQAGSGTYGVKIDTNHATANSSLRVESVATTKNIVEIAPSALTTGDAFNITTAEASVHTGQLISLTSANTNNTARGEALKIQYQTANATAVAVRVANSSADVFTVEQSGDTVVGRDLSIGGNLSVHGTTTQINTTTTLARDTAM
MGYP000906719155	triple-helix	manual	full	ATYFVGSGQYLTGVNATDNTKVAKSGDAMTGPLEINYSTATESLYVINSQGTGTGSAALFRTDYTSNASDTIYVLQEGAGGAGFFEKTQNTTGAALIGKTAGVSPTSYGVMGRADSNGSAIYGYNDGTGIAIYGQTTGGYGVYSTTAGTGLSFYGTNTGTGALYGGNATGGGALIELKSGGNERIVADSAGNLNASGTINSTGGFTTAGNATATYFVGSG
MGYP003587387663	triple-helix	manual	full	KDLIDTNNANLLHKTGNESWSGIKSTSNSGGFTNALQLENNSTFATVLAITNNSTGFGTKLTNYATGYGAYVDNRGGGVGLYVNNANTTTAYAVRIDNQGTGNGIGLFNSFTGRAIDVSNSNGGTAIRLDSVSSSTGDLLSITKNSAQVTRVDSNGIITTPTPPSSDNSTRVATT
rcsb_pdb_2C3F	triple-helix	manual	104:303	MGSSHHHHHHSSGLVPRGSHMSSENIPLRVQFKRMKAAEWARSDVILLESEIGFETDTGFARAGDGHNRFSDLGYISPLDYNLLTNKPNIDGLATKVETAQKLQQKADKETVYTKAESKQELDKKLNLKGGVMTGQLKFKPAATVAYSSSTGGAVNIDLSSTRGAGVVVYSDNDTSDGPLMSLRTGKETFNQSALFVDYKGTTNAVNIAMRQPTTPNFSSALNITSGNENGSAMQLRGSEKALGTLKITHENPSIGADYDKNAAALSIDIVKKTNGAGTAAQGIYINSTSGTTGKLLRIRNLSDDKFYVKSDGGFYAKETSQIDGNLKLKDPTANDHAATKAYVDKAISELKKLILKK
rcsb_pdb_3EKA	triple-helix	manual	104:308	LRVQFKRMKAAEWARSDVILLESEIGFETDTGFARAGDGHNRFSDLGYISPLDYNLLTNKPNIDGLATKVETAQKLQQKADKETVYTKAESKQELDKKLNLKGGVMTGQLKFKPAATVAYSSSTGGAVNIDLSSTRGAGVVVYSDNDTSDGPLMSLRTGKETFNQSALFVDYKGTTNAVNIAMRQPTTPNFSSALNITSGNENGSAMQLRGSEKALGTLKITHENPSIGADYDKNAAALSIDIVKKTNGAGTAAQGIYINSTSGTTGKLLRIRNLSDDKFYVKSDGGFYAKETSQIDGNLKLKDPTANDHAATKAYVDKAISELKKLILKKH
MGYP003142855628	triple-helix	manual	full	ASATSGNTLKVYRDLASGSTDADMVYFHQDNASDNTIALQVQQDSSSRAMYVSHQSTYPIDYLARFYAAYSSTGGTAVVDITQDHATGNATCLQINSDGPGVGIDVDQAGAAVGVRVTHSGASPVFQALGAGGNVAFSVSRSHASSNHMDVDMSANPYSGTGMMMDCNTAAGTGFRYMQFTSGNTADTEFTFRGDGNAYADGAFNDSGADYQEYFESESGLPMETGKTAVLVGKKLAY
rcsb_pdb_2YVV	triple-helix	manual	104:308	MSENIPLRVQFKRMKAAEWARSDVILLESEIGFETDTGFARAGDGHNRFSDLGYISPLDYNLLTNKPNIDGLATKVETAQKLQQKADKETVYTKAESKQELDKKLNLKGGVMTGQLKFKPAATVAYSSSTGGAVNIDLSSTRGAGVVVYSDNDTSDGPLMSLRTGKETFNQSALFVDYKGTTNAVNIAMRQPTTPNFSSALNITSGNENGSAMQLRGSEKALGTLKITHENPSIGADYDKNAAALSIDIVKKTNGAGTAAQGIYINSTSGTTGKLLRIRNLSDDKFYVKSDGGFYAKETSQIDGNLKLKDPTANDHAATKAYVDKAISELKKLILKKH
MGYP001412872376	triple-helix	manual	full	KLHVNVGSTDGTTGIWVDLNDADQQGIRIDANTAGCTANVFELRANVTTGHAMALVHGAVTGTSHTMTGSMLKITDNNSSTVSRAVVDVLQDAIGATGTTGLKVTADGGIGISVVQNADKTGLLVSASANASDGTKVIHVANSSADIFSALANGVINCHGPLLAANSTVTVNCRLGVRDTGGTVVNQT
A0A077PJH0	triple-helix	manual	full	MAFRSKTHKGQGYNELLFEDAKGSELLSLHAQKDMHTKVLNNRDTHVIANHSETVEKNQTIKINENKEETVALNSTETVKEVRKLVTGNNYIIEVGTHKIETINNTLSITTGDVIELRCGASVLRMDSAGRITLQGSEFKFEASGPVQITGKDIDLN
A0A0E1ETG8	triple-helix	manual	107:307	MSENIPLRVQFKRMKAAEWARSDVILLESEIGFETDTGFARAGDGHNRFSDLGYISPLDYNLLTNKPNIDGLATKVETAQKLQQKADKETVYTKAESKQELDKKLNLKGGVMTGQLKFKPAATVAYSSSTGGAVNIDLSSSRGAGVVVYSDNDTSDGPLMSLRTGKETFNQSALFVDYKGTTNAVNIAMRQPTTPNFSSALNITSGNENGSAMQLRGSEKALGTLKITHENPSIGADYDKNAAALSIDIVKKTNGAGTAAQGIYINSTSGTTGKLLRIRNLSDDKFYVKSDGGFYAKETSQIDGNLKLKDPTANDHAATKAYVDKAISELKKLILKK
A0A182DVL8	triple-helix	manual	full	AGENGATTTFDGPVAAERFSADTTLEAAFLKTTSETNHAATIYQAGTSGDGAALNVISDNPGTSAMYLSGTETARGTLKITHRGYADGSDKDAAALSLDLRVAGTAAQGIYVTATNGPTKGNLIALRNNTGLDDFVVKGTGRIGVGIDRAATPRAQVHIVQRGDALAALLVEGSVRIGNAATVPTSVDSSGGGALYASGGALLWRGSNGTVTTIAPA
Q1CPE4	triple-helix	manual	104:304	MTETIPLRVQFKRMTAEEWTRSDVILLESEIGFETDTGYAKFGDGKNQFSKLKYLNKPDLGAFAQKEETNSKITKLESSKADKNAVYLKAESKIELDKKLNLKGGVMTGQLQFKPNKSGIKPSSSVGGAINIDMSKSEGAGVVVYSNNDTSDGPLMSLRTGKETFNQSALFVDYSGKTNAVNIAMRQPTTPNFSSALNITSGNENGSAMQIRGVEKALGTLKITHENPNVEANYDENAAALSIDIVKKQKGGKGTAAQGIYINSTSGTTGKLLRIRNLGDDKFYVKHDGGFYAKKTSQIDGNLKLKNPTADDHAATKAYVDSEVKKLKALLMDKQV
A0A0H3BZL2	triple-helix	manual	100:304	MTETIPLRVQFKRMTAKEWASSAVILLEGEIGFETDTGYAKFGDGKSRFSELKYLNKPDLGAFAQKEETNSKITKLESSKADKNAVYLKAESKIELDKKLSLAGGIVTGQLRLKPNSGIEKSSSTGGAINIDMSKSKGAAMVMYTNKDTTDGPLMILRSNKDTFDQSVQFVDYRGKTNAVNIVMRQPPTPNFSSALNITSANEGGSAMQIRGVEKALGTLKITHENPSVDKEYDKNAAALSIDIVKKKKGGGDGTAAQGIFINSSSGTTGKLLRIRNKNEDKFYVNPDGGFHSYADSIVDGNLTVKNPTSNEHAVTKKYVDEKFDELKKLIQKK
A0A7K2KMZ9	triple-helix	manual	38:246	MTVGRRIFLGGFTAGAVTLAAAGTAAAAPEAAPGDPTVFDGPVVAKNFRADGTANAAFLKTTSTTEHALTVYQAGTSGSGVALNIVSDNPQTSAVYLTGREVDRGTLKISHVGRADGTDTGASAISIDLKTAGTASQGIFLTATDGPTTGNLITLRNNPGVEDLAVKGSGRIGIGIERGATPYAQVHIVQRPTAPAGLLVEGTVRVGNAATVPTGIDSKGGGALYAKDGALYWRGSAGTVTQIASA
A0A7G3UKD1	triple-helix	manual	35:245	MAVNRRLFLGGFTAGAVTVAAGTATPAAAAAAQGPTTTFDGPVVAERFSTNSTVNSAFLKTTSTTEHAATVYQAGTSGSGVALNIVSDNPDNSAVYLTGREKTRGTLKISHIGHADGSDADAAAVSIDLKTAGTATQGIFLTATDGATTGNLICLRNNGRDDFVVKGSGRVGIGLAVGSAPWSQLHVVQRPGADSALMVEGAVRIVDAATVPTAVDSKGGGTLYAQGGELMWRSANGNVTRIASA
A0A1D3DNL6	triple-helix	manual	33:247	MSVTRRLFLGGFTAGAVTVAAGGDAVAAETAEAAGEPTTFDGPVVAQRFVADTTTNGAFLKTTSTTEHALTVYQAGKSGSSVALNIISDNPDDSAVYIKGHERAQRGTVKITHVGAPDGSDAGASALSIDLTVAGTAAQGIHLVAGNGPTKGNLICLRNNGRDDFVVKGSGRVGIGMDIGAGPWSQLHVVQRPGTDSALMVEGLVRIVDAAAAPTGVDSRGGGVLYAQNGELWWRGPDGDPSRIAPA
A0A0K8PG78	triple-helix	manual	100:360	MRIRVIGERPVDSITVNGGQTGRIVHVNAGLVSSVNGRTGGVTLTAEIVGADPAGSAATAQAAAIATAAADATAKVDAHVAATDPHGDRAYADAKFLPLAGGTLTGGLFADLAVRAAFFKTTSTTEHVVTIYQAATSGTSGVALNVISDKPTDSAMYLTGHETARGTLKVTHKNGGAGATDDAGASALSIDLQRNGKPGTAAQGIFLTATEGATTGNLIVLRNNGRDDFVVKGTGRAGVGMDIGEAPEASLEVKQPDTTTPGLVVTGIAATTSPLFQTKTSAGTATLEVGSSGAIVHRAISFYTNSLQLGSTSSDLGGSGGAVISMKDATTAPTTNPTGGVIAYSQGGVFKVRNAAGVVFDTTRRTVTGSRGGNAALASLLTQLATIGLITDSTT
A0A7Z6TP65	triple-helix	manual	41:226	MTVGRRVFLGAFTAGAVTVATGSEAAADGEYTLYTSPAQFYGSSTTAHTVTINHKASSGDTAALNVTSDNPATSAMYLTGVETSRGTLKISHKGYADGSDPGASGLSIDLRTSGTAAQGIFVTATDGPTRGALIVLRNNPGVDDFVVKGTGRTGIGIGRGDTPQSQLHVVAAAGAPSAILAEGAVRLADVDAVPTNAPASAGGGSLYAQDGKLFWKGGDGTPKQLA
A0A1D8G892	triple-helix	manual	42:252	MGVTRRLFLGGFTAGAVTVAAGGDAVAAEAGGDAVAAEAAGETTVFDGPVVAPRFSTDSTVNSGFFRTTSTTEHAVTVHQAATSGKGVALNIVSDNPDDSTVYVKGHERAQRGTVKITHVGAADGSDAGASAVSIDLTVAGTAAQGIFLNAANGPTQGNLICLRNNGRDDFVVKGSGRVGIGMDIGANPWSQLHVVQRPGTPSALMVEGLVRVTDVAAAPTGVDSRGGGVLYAENGALMWRGPHTVTRIAPA
A0A5C4XFE5	triple-helix	manual	61:292	MKGDTGTAGAKGDTGDTGPAGPGVAAGGTTNQFLIKSSSTNYATTWSSKLNAVYTGTASGDHTIAAIQNATAGDNISALNVSSINEQFSSMQVTGREIDTGTIKVSHVKPASGTSDANAAALSIDLKGTGTAAQGIVIDATEGGTTGDLLKLRNNGAFLVTVKSDGKMGIGTGLNTPGGKLEVRQTDDSLPGVVIQANSTTSADLLQFKNNSGALRTNINRTGDLVVRGQAYLQNLQVVGTSTDFGGGNGVIGLKNANTVPTTNPTGGVIVYSDAGVLKYRQPDGTVIDVGSNTAAALNYNATSSSSVTIGTGSKTFTVASGLAFAAGNYVRVQSTANATTYMAGNVTSYSGTSLVINVVETSGTGTLGSWTIGLTGAKGAAGSTGSAGTVLTSTSSTSNAIGTGSKTFTTAAAMTGATVGQWVLITNTGTPANFMRGQVTALSGTSITINVTEAGGSGTFTAWTLSVTGMTGAQGVQGPAGTGSDYANTFVDVNRVTTTAFPNNGFAVLPLNNEVSDVGNNYDATTYLYTVPTSGLYMCLGDFRLRDDEGTTGASVGIGIHTAAEDGPHFKWTIIPASQRRYIDYRRMARFNAGDQLRLFVYYGDAACTLERASMQIVRLS
A0A1G9HV85	triple-helix	manual	30:302	MTSRRLFLGAFTAGAVTVAAGASEAAAAEAEGVVEGDTTFTGAVKATSFHTDSAAMSSFAGTAATAHTHTLTVRQAGTVVDSVALNVTSTNPNDSAMWVSGKEKARGTLKVTHQGYADGSDYEAAAISIWLSTADGVEGTRAQGIFMRPAPGNGPTKGNLITLRNNEDKVDDFVVKANGRVGLGLPYGMNPRARIEIAQRPGDTMGLMLQANPESTAHLADFRNSQDVSQTRVLNDGTLASRNVYLGGSGSPQFGGGDAVVGIRNRALKPTTNPANGGVLYAENGALVWHGSNGTVTTIAPA
A0A6B3B193	triple-helix	manual	183:388	MPEGIPTVTVRGRFLALDGKPRRGQVEFRVPDTVTFDAHDVILSGPVIATLDPQGVFSVQLPATDAPGMVPSGWSYTVTERLSGVDANRPPYHILLPASDPDVSLDDLAPTDPGTPDYVAVHGRSAYEVAVANGFAGTETEWLASLKGEQGVPGVVQSVNGHTDPDVVLAASDVGAVPSTGGTYTGTLRVDTAQHGFTSKSTVTAAGHAITAWMAATSGTGSALNAVSDNPGFSAVQVSGKETGTGTIKVTHARPGPDVDDAGAAALSVDLTGEGTKAQGLFITSTVNRADGDLGTLGNLITVRNTKGRDDFRMAANGRIAMGGPIGYNPTALLDLRMPDTTAPALVTRSAGTTGANMAEWQRSSDGSVRTRISSQCQIVTLETLYAAGIGLQIGGTSVTFGGGSGVLGITNAAVEPSAATIAGGGALYVKDGALYWIGSDGTKTLLAPA
